:020000040800F2
:10000000787E0224AD0200089D670008BB0300084B
:10001000BB030008D9040008EDA50008000000009B
:100020000000000000000000000000007B710008DC
:10003000E905000800000000070300088F710008B0
:10004000CB020008CB020008CB020008CB0200085C
:10005000CB020008CB020008CB020008CB0200084C
:10006000CB020008CB020008CB020008CB0200083C
:10007000CB020008CB020008CB020008CB0200082C
:10008000CB020008CB020008CB020008CB0200081C
:10009000CB020008CB020008CB020008CB0200080C
:1000A000C9750008F9750008E9750008D9750008D8
:1000B000297600085976000889760008CB020008E6
:1000C000CB020008CB020008CB020008CB020008DC
:1000D000CB020008CB020008CB020008CB020008CC
:1000E000CB020008CB02000800000000E9760008FF
:1000F000297700081177000801770008CB02000873
:10010000CB020008CB020008B9760008CB02000839
:10011000CB020008CB020008CB020008CB0200088B
:10012000CB020008CB020008CB020008CB0200087B
:10013000CB020008CB020008CB020008CB0200086B
:1001400000000000000000000000000000000000AF
:10015000CB020008CB020008CB020008CB0200084B
:10016000CB020008CB020008CB020008CB0200083B
:10017000CB020008A1670008CB02000800000000C5
:10018000CB020008CB020008CB020008CB0200081B
:10019000CB020008CB020008CB020008CB0200080B
:1001A000CB020008CB020008CB020008CB020008FB
:1001B000716D0008CB020008CB020008CB020008DA
:1001C000CB020008CB020008CB020008CB020008DB
:1001D000CB020008CB020008CB020008CB020008CB
:1001E000CB020008CB020008CB020008CB020008BB
:1001F000CB020008CB020008CB020008CB020008AB
:10020000CB020008CB020008CB020008CB0200089A
:10021000CB020008CB020008CB020008CB0200088A
:10022000CB020008CB0200085D5E00080000000061
:10023000CB020008CB02000800000000CB0200083F
:10024000CB020008CB020008CB020008CB0200085A
:10025000CB020008CB020008CB020008CB0200084A
:10026000CB020008CB020008CB020008CB0200083A
:10027000CB020008CB020008CB02000800000000FF
:10028000CB020008CB020008CB02000800000000EF
:1002900000000000CB020008DFF80CD000F0DAF814
:1002A00000480047CF040008787E022407488047B2
:1002B0000748804707480047FEE7FEE7FEE7FEE7FE
:1002C000FEE7FEE7FEE7FEE7FEE7FEE7F1050008D2
:1002D000A174000899020008EFF3108072B670470D
:1002E00080F310887047434A1368012B04D04FF005
:1002F00001031360404A1060404A116040484FF0CB
:10030000805101607047EFF3108272B6394801687E
:1003100051B34FF0000101603748016891B1EFF32C
:1003200009811EF0100F08BF21ED108B21E9F00F9D
:100330004FF000041EF0100F08BF012441F8044DD7
:10034000006801602D490968096808C9B1E8F00F23
:10035000002B18BFB1EC108B81F309884EF0100E02
:10036000002B18BF2EF0100E82F310884EF0040EF2
:10037000704722490860EFF3148222F0040282F3EE
:1003800014881D494FF0000008601A494FF0010021
:1003900008601C484FF47F01D0F8002041EA0201B8
:1003A000016017484FF080510160174800680068ED
:1003B00080F3088861B662B670471EF0040F0CBF68
:1003C000EFF30880EFF3098020E9F00F40F804ED27
:1003D00040F804ED1EF0040F0CBF80F3088880F392
:1003E000098800B50DF066FF5DF804EB4EF0040ED1
:1003F000704700004C0100244401002448010024FF
:1004000004ED00E020ED00E008ED00E040EA01032B
:100410009B0703D009E008C9121F08C0042AFAD2BA
:1004200003E011F8013B00F8013B521EF9D270477E
:10043000D2B201E000F8012B491EFBD27047002226
:10044000F6E710B513460A4604461946FFF7F0FFD3
:10045000204610BD064C074D06E0E06840F0010361
:1004600094E8070098471034AC42F6D3FFF718FF22
:1004700080F90008A0F9000870B58C1810F8015B2D
:1004800015F0070301D110F8013B2A1106D110F82D
:10049000012B03E010F8016B01F8016B5B1EF9D131
:1004A0002B0705D40023521E0DD401F8013BFAE7B7
:1004B00010F8013BCB1A921C03E013F8015B01F822
:1004C000015B521EF9D5A142D8D3002070BD10B5F2
:1004D0000EF044FE002010BD00BFFEE70346042BD3
:1004E00015D007DC7BB1012B0ED0022B0DD0032BD6
:1004F00012D10BE0202B0BD0212B0AD0222B09D0BC
:10050000232B09D107E008E007E006E005E004E05E
:1005100003E002E001E000E000BF00BF0020704700
:100520000020704710B500220449054807F007FE77
:100530000449034807F0F3FD002010BDDCF001245E
:100540000BE40124DCE8012470B505460C4629467D
:10055000124807F0E4FD114807F0A8FD1049B1F872
:1005600003102068084440F69801884210D20C49D4
:10057000B1F80330491D581829462268FFF746FF95
:100580000748B0F80300218808440549A1F8030092
:100590000120034988700020088070BD0BE401240D
:1005A0001A1C012410B503460C460021084610BD54
:1005B0002DE9F04104460D4600260A48D0F8B072F5
:1005C000D7F8120210B10120BDE8F0812A46214679
:1005D000044807F0B4FD034807F068FE06463046BD
:1005E000F2E700000BE40124704772B600BFFEE79B
:1005F0000748006840F002000549086000BF044851
:100600000838006800F400500028F8D07047000057
:100610000C48025810B5044622464FF400410248E7
:1006200000F06CFA10BD0000000002582DE9F04106
:1006300005460C461646270A04F0FF080020FFF77F
:10064000E9FF03200A4908700846477080F80280D5
:1006500064230322074804F01AFC64233246294627
:10066000044804F037FA0120FFF7D4FFBDE8F08119
:10067000EBE30124A00300242DE9F04105460C46DC
:100680001646270A04F0FF080020FFF7C3FF0620E4
:100690001B490870642301221A4804F0F8FB01206A
:1006A000FFF7B8FF50200BF04BFC0020FFF7B2FF24
:1006B0000220134908700846477080F802806423BE
:1006C0000322104804F0E3FB6423324629460D4818
:1006D00004F0DDFB0120FFF79DFF50200BF030FC04
:1006E0000020FFF797FF04200549087064230122CA
:1006F000044804F0CCFB0120FFF78CFFBDE8F0813B
:10070000EBE30124A003002470B50A480468001D2F
:100710000568001D0668344454B108220649204685
:1007200005F07DFB042204491031284605F077FBD3
:1007300070BD000000E8F11F8A00002470B5044677
:1007400000F0E8F906462546681C10B10448007818
:10075000054400BF00F0DEF9801BA842FAD370BD4B
:1007600038000024F0B50C460021504B98E00126DB
:100770008E4006EA0402002A7ED04D4E8F0856F8BD
:1007800027508E07370F0F26BE403540494EB042E6
:1007900001D100262DE0484EB04201D1012628E0CB
:1007A000464EB04201D1022623E0454EB04201D16F
:1007B00003261EE0434EB04201D1042619E0424E0A
:1007C000B04201D1052614E0404EB04201D10626C8
:1007D0000FE03F4EB04201D107260AE03D4EB04245
:1007E00001D1082605E03C4EB04201D1092600E0C7
:1007F0000A268F073F0FBE40AE421FD11E689643A8
:100800001E605E6896435E604FF0B0467668964321
:100810004FF0B0477E603E46366896433E608E0796
:10082000370F0F2606FA07F5214E8F0856F8276076
:10083000AE431F4F4FEA910C47F82C6006684FEA11
:10084000410C032707FA0CF73E430660CF0800F17E
:10085000200656F827604F074FEAD76C0F2707FA94
:100860000CF7BE434FEAD10C00F1200747F82C608B
:10087000C6684FEA410C00E011E0032707FA0CF7C5
:10088000BE43C660476801268E40B743476086680E
:100890004FEA410C032707FA0CF7BE438660491C58
:1008A00024FA01F6002E7FF462AFF0BD80000058FC
:1008B00008040058000002580004025800080258BA
:1008C000000C025800100258001402580018025878
:1008D000001C02580020025800240258F8B50246B5
:1008E0000023744DDFE001279F400E6806EA0704ED
:1008F000002C7AD00E7906F00306012E04D00E7972
:1009000006F00306022E13D190685F000326BE4056
:10091000B0435F00CE68BE4030439060506801260F
:100920009E40B0430E79C6F300169E40304350609F
:100930000E7906F00306032E07D10E7906F00306A2
:10094000032E0CD18E68012E09D0D0685F000326DB
:10095000BE40B0435F008E68BE403043D0600E7929
:1009600006F00306022E13D1DF0802F1200656F826
:1009700027005E07F70E0F26BE40B0435F07FF0E4D
:100980000E69BE403043DF0802F1200646F827001A
:1009900010685F000326BE40B0430E7906F00306E0
:1009A0005F00BE40304310604E6806F44036002EB3
:1009B00078D000BF404E366846F002063E4F3E609B
:1009C0003E46366806F00206009600BF00BF3B4E6A
:1009D0009F0856F827009E07370F0F26BE40B043EA
:1009E000374EB24202D100262EE05BE0354EB242D5
:1009F00001D1012628E0344EB24201D1022623E083
:100A0000324EB24201D103261EE0314EB24201D134
:100A1000042619E02F4EB24201D1052614E02E4ED5
:100A2000B24201D106260FE02C4EB24201D1072678
:100A30000AE02B4EB24201D1082605E0294EB2420F
:100A400001D1092600E00A269F073F0FBE40304330
:100A50001A4E9F0846F827004FF0B0463068A04372
:100A60004E6806F4801606B120434FF0B046306061
:100A70007068A0434E6806F4001606B120434FF09C
:100A8000B04670606868A0434E6806F4003606B150
:100A9000204368602868A0434E6806F4803606B19B
:100AA000204328605B1C0E68DE40002E7FF41BAFE5
:100AB000F8BD000080000058F444025808040058B3
:100AC000000002580004025800080258000C0258A6
:100AD000001002580014025800180258001C025856
:100AE000002002580024025810B5426921EA02038E
:100AF00002EA010443EA0443836110BD0AB1816143
:100B000001E00B048361704701480068000C7047E6
:100B10000010005C014800687047000030000024AD
:100B20000348006803490978084401490860704790
:100B3000300000243800002410B5032000F024FB0E
:100B400003F08EF810490968C1F303210F4A515C84
:100B500001F01F0120FA01F40B48006800F00F00BB
:100B60001146085C00F01F0024FA00F008490860F4
:100B7000084804600F2000F00FF808B1012010BDF4
:100B800000F088FA0020FAE7184402583CF8000800
:100B9000400000243C00002470B504461148007851
:100BA00008B9012070BD0F4800784FF47A71B1FB8D
:100BB000F0F00D490968B1FBF0F5284604F0C1FAE0
:100BC00008B10120EEE7102C07D200222146501E6A
:100BD00000F09CFA0548046001E00120E2E70020F3
:100BE000E0E70000380000243C000024340000242A
:100BF00070B50446FFF78EFF05460CB9012070BDA5
:100C000094F83D00022808D08020A06600BF002094
:100C100084F83C0000BF0120F1E72068C06820F0A4
:100C20003E002168C8602068C06820F0010021688B
:100C3000C86012E0FFF76EFF401B05280DD9A06EBB
:100C400040F04000A06600BF002084F83C0000BFD8
:100C5000032084F83D000120D1E72068C06800F03F
:100C600001000028E6D11F202168486000BF002055
:100C700084F83C0000BF012084F83D000020BEE75E
:100C8000014609B90120704791F83D00022803D0C0
:100C9000802088660120F6E7042081F83D0008687E
:100CA000C06820F001000A68D0600020EBE730B592
:100CB000034600240BB9012030BD00BF93F83C006F
:100CC000012801D10220F7E7012083F83C0000BF92
:100CD00093F83D00012819D11868006900F08040A0
:100CE00090B9186801631868426331B918680069DF
:100CF00020F000401D68286109E01868006940F094
:100D000000401D68286102E0012400E0012400BFCA
:100D1000002083F83C0000BF2046CDE7014609B91A
:100D2000012070470868C06820F001000A68D060A0
:100D300000200A68D0600A6810610A6850610A6879
:100D400090610A68D0610A6810620A6850620A6895
:100D500090620A6810630A6850631F200A68506036
:100D60000020C86508664866886681F83D0000BFB7
:100D700081F83C0000BF00BFD3E70000F8B504468F
:100D800000200090744800684FF41651B0FBF1F653
:100D9000208800F5F860C0F38411012000FA01F703
:100DA0004FF0A4400068384000B9F8BD20680068E2
:100DB00000F00100B8B32068C06800F0020090B3F2
:100DC0002068C06820F002002168C860206885683B
:100DD00005F0800020B9A06E40F00100A06603E09D
:100DE000A06E40F00200A06605F4007018B1A06E7D
:100DF00040F00400A06605F4807018B1A06E40F0C9
:100E00000800A06605F4806018B1A06E40F01000E4
:100E1000A06605F4006018B1A06E40F02000A06646
:100E20000120216848602068006800F0100060B16F
:100E30002068C06800F0200038B1102021684860A8
:100E4000A06C10B12046A16C88472068006800F0B3
:100E5000080060B12068C06800F0100038B10820B8
:100E600021684860E06C10B12046E16C884720683A
:100E7000006800F0040060B12068C06800F008005D
:100E800038B1042021684860206D10B12046216DE2
:100E900088472068006800F0020060B32068C068DE
:100EA00000F0040038B32068C06820F03E002168DC
:100EB000C86094F83D0004280DD100BF002084F8DC
:100EC0003C0000BF012084F83D00A06D10B1204619
:100ED000A16D884769E702202168486000BF0020B3
:100EE00084F83C0000BF012084F83D00606C10B124
:100EF0002046616C8847A06E60B3042084F83D00F2
:100F00002068C06820F001002168C86000BF009818
:100F1000401C0090B04200D905E02068C06800F095
:100F200001000028F3D100BF00BF002084F83C007E
:100F300000BF2068C06800F0010018B1032084F8E9
:100F40003D0002E0012084F83D00606D10B12046B4
:100F5000616D884700BF28E73C00002470B5044657
:100F6000FFF7D8FD05460CB9012070BD00BF002079
:100F700084F83C0000BF022084F83D002068C0686F
:100F800020F001002168C8600BE0FFF7C3FD401BA3
:100F9000052806D94020A066032084F83D000120E2
:100FA000E3E72068C06800F001000028EDD120468A
:100FB00004F05CFF0020E06520666066A06601200A
:100FC00084F83D000020D0E72DE9F84304460D46A3
:100FD00016461F46DDF8208014B90120BDE8F883CD
:100FE00000BF94F83C00012801D10220F6E701205F
:100FF00084F83C0000BF94F83D00012841D1022054
:1010000084F83D000020A0662068C06820F0010040
:101010002168C8603B46324629462046CDF800800C
:1010200004F086FF2068C06840F006002168C860B0
:10103000E06C28B12068C06840F010002168C860EA
:10104000206D28B12068C06840F008002168C860A1
:10105000A06C28B12068C06840F020002168C860FA
:101060002068C06840F001002168C8606068B0F185
:10107000804F0DD12068C06840F480302168C8607E
:1010800006E000BF002084F83C0000BF0220A5E776
:101090000020A3E708B500BF0648006840F0020042
:1010A000044908600846006800F00200009000BF94
:1010B00000BF08BDF444025810B501460846002898
:1010C0000BDB00F01F0301229A40054B440943F853
:1010D0002420BFF34F8FBFF36F8F00BF10BD000000
:1010E00080E100E00146084600280DDB00BF00BF9C
:1010F00000F01F0301229A4043099B0003F1E02303
:10110000C3F8002100BF00BF00BF70472DE9F05FAA
:1011100080460D46164609F06BFA074639462A46C0
:10112000334601F00700C0F1070ABAF1040F02D9F3
:101130004FF0040A01E0C0F1070AD14600F1040AA9
:10114000BAF1070F02D24FF0000A01E0A0F1030A42
:10115000D4464FF0010A0AFA09FAAAF1010A0AEA8A
:10116000020A0AFA0CFA4FF0010B0BFA0CFBABF176
:10117000010B0BEA030B4AEA0B042146404609F037
:101180003FFABDE8F09F000000BF00F00702064BE9
:1011900019684FF6FF031940044B0B4343EA022141
:1011A000014B196000BF70470CED00E00000FA052C
:1011B00001460A680120C1F8D804002081F8CC0457
:1011C000906940F000609061506D024B184350658B
:1011D000002070470300001070470246106841620B
:1011E00000207047F0B5034615461868446A21B9D7
:1011F00044EA05401E68B06219E01868806A04EB92
:101200001044002208E0186800F5827050F82200AF
:1012100004EB1044501CC2B2481E9042F3D844EA7A
:101220000547186800F582704E1E40F826700020B1
:10123000F0BD10B50446D4F8E00407F0D9FC10BDA9
:1012400070B504460D4605EBC50304F1140101EB2E
:101250008301CA682946D4F8E00407F0B6FB70BDE4
:1012600070B504460D4605EBC50304F5157101EB99
:101270008301CA682946D4F8E00407F030FC70BD49
:1012800010B50446D4F8E00407F0B5FC10BD2DE914
:10129000F04104460D4605F08000802808D105F095
:1012A0000F0000EBC00104F1140000EB810607E021
:1012B00005F00F0000EBC00104F5157000EB81068E
:1012C0003146206808F010FF07463846BDE8F08137
:1012D00070B504460E4606F0800080280AD106F05C
:1012E0000F0000EBC00104F1140000EB81050120A8
:1012F000687009E006F00F0000EBC00104F51570FE
:1013000000EB81050020687006F00F00287000BF18
:1013100094F89404012801D1022070BD012084F8C2
:10132000940400BF2946206808F070FA00BF00202E
:1013300084F8940400BF00BFEFE770B504460E4682
:1013400006F00F002179884201D9012070BD06F016
:10135000800080280AD106F00F0000EBC00104F1E4
:10136000140000EB81050120687009E006F00F0011
:1013700000EBC00104F5157000EB810500206870DA
:101380000020A87006F00F00287000BF94F89404A5
:10139000012801D10220D9E7012084F8940400BF7C
:1013A0002946206808F02CFC00BF002084F8940433
:1013B00000BF00BFCAE7024601F00F0000EBC00308
:1013C00002F5157000EB8300406970472DE9F04786
:1013D00005460E4690461F464FF0000906F0800075
:1013E00080280AD106F00F0000EBC00105F11400BF
:1013F00000EB81040120607009E006F00F0000EBB3
:10140000C00105F5157000EB81040020607006F046
:101410000F002070C8F30A00A0602771607808B13F
:1014200020786083022F01D10020607100BF95F801
:101430009404012802D10220BDE8F087012085F83C
:10144000940400BF2146286808F0DEF800BF0020A1
:1014500085F8940400BF4846EEE72DE9F0410546C3
:101460000E461746984606F00F0000EBC00105F542
:10147000157000EB8104E760C4F810800020606103
:10148000607006F00F002070A879012800D1E76194
:10149000AA792146286808F047FC0020BDE8F081C1
:1014A00070B504460D4605F00F002179884201D938
:1014B000012070BD05F0800080280AD105F00F00E2
:1014C00000EBC00104F1140000EB810601207070F4
:1014D00007E005EBC50104F5157000EB810600205F
:1014E00070700120B07005F00F00307000BF94F8EC
:1014F0009404012801D10220DBE7012084F8940440
:1015000000BF3146206808F0C2FB05F00F0028B983
:10151000A17904F29C42206808F03AFB00BF002049
:1015200084F8940400BF00BFC3E72DE9F0410546ED
:101530000E461746984606F00F0000EBC00105F175
:10154000140000EB8104E760C4F8108000206061A3
:101550000120607006F00F002070A879012800D1EA
:10156000E761AA792146286808F0DEFB0020BDE883
:10157000F0812DE9FE4F0446D4F800B05E462068A5
:1015800008F0D8FE002874D1206808F012FF08B9CE
:10159000BDE8FE8F40F608008059C0F30D20C4F866
:1015A000D404206808F005FF00F00200022805D1ED
:1015B0002068406900F0020021684861206808F056
:1015C000F8FE00F01000102845D12068806920F056
:1015D000100021688861DBF8209009F00F0000EB13
:1015E000C00104F5157000EB810AC9F343400228DD
:1015F0001AD147F6F07009EA000030B3C9F30A12B5
:101600005846DAF80C1008F0D9FEC9F30A11DAF8D6
:101610000C000844CAF80C00C9F30A11DAF81400E7
:101620000844CAF8140010E0C9F3434006280CD15E
:10163000082204F29C41584608F0C0FEC9F30A1182
:10164000DAF814000844CAF814002068806940F0F1
:10165000100021688861206808F0ABFE00F40020CB
:10166000B0F5002F7BD10025206808F072FE0290B3
:1016700072E017E3029800F00100002868D0E9B298
:10168000206808F089FE804608F0010048B1012179
:1016900006F5306000EB451081602946204605F0D4
:1016A000B9F808F00800082809D1082106F53060CB
:1016B00000EB451081602946204605F079F808F0D6
:1016C0001000102805D1102106F5306000EB451000
:1016D000816008F00200022824D1DBF8140000F039
:1016E0008000802807D140F60400805940F48061D2
:1016F00040F60400815105EBC50104F5157000EBBF
:10170000810A9AF80300012806D100208AF8030014
:10171000E9B2204600F0D1FA022106F5306000EB74
:101720004510816008F02000202805D1202106F511
:10173000306000EB4510816008F40050B0F5005FA8
:1017400006D14FF4005106F5306000EB4510816082
:101750006D1C029840080290029800288AD12068E7
:1017600008F027FE00F48020B0F5802F7DD120689E
:1017700008F0E5FD029000259AE0029800F00100D3
:10178000002873D0E9B2206808F0EDFD804608F02B
:101790000100F0B305F00F0101208840019040F6F0
:1017A00034008159019821EA000040F63401885143
:1017B000012106F5106000EB45108160A079012839
:1017C00024D105EBC50104F1140000EB810005EB09
:1017D000C502C16804F1140000EB82008068014476
:1017E00005EBC50204F1140000EB8200C1606DB985
:1017F00005EBC50104F1140000EB8100006928B974
:1018000004F29C420121206808F0C2F9E9B22046A6
:1018100000E001E0FFF714FD08F00800082805D1FA
:10182000082106F5106000EB4510816008F01000FB
:10183000102805D1102106F5106000EB45108160DD
:1018400008F04000402805D1402106F5106000EB6B
:101850004510816008F0020002281DD12946584633
:1018600008F02BFD05EBC50101E025E01CE004F1CB
:10187000140000EB810A9AF80300012806D1002029
:101880008AF80300E9B2204600F00EFA022106F5BC
:10189000106000EB4510816008F08000802803D1C3
:1018A0002946204605F058F86D1C02984008029021
:1018B000029800287FF461AF206808F07AFD00F0FC
:1018C0000040B0F1004F1CD140F60400805920F0D8
:1018D000010140F60400815194F8CC04012807D19D
:1018E000002084F8CC0400212046FFF775FC02E0BC
:1018F000204600F057FB2068406900F00040216856
:101900004861206808F055FD00F40060B0F5006FF4
:101910000ED140F60800805900F0010010B12046B9
:1019200000F098FB2068406900F40060216848617D
:10193000206808F03EFD00F00060B0F1006F19D1A2
:101940002068406900F000602168486194F8CC0488
:1019500068B9012084F8CC042068406DC0F383008E
:10196000C4F8D00401212046FFF736FC02E02046EF
:1019700000F070FB206808F01CFD00F48050B0F50A
:10198000805F7ED140F60400805920F0010140F6CE
:10199000040081511021206808F08FFC002732E0FC
:1019A0004FF67F3106F5106000EB4710816006F5B9
:1019B000106000EB4710006820F4001106F510607D
:1019C00000EB471001604FF67F3106F5306000EB09
:1019D0004710816006F5306000EB4710006820F486
:1019E000001106F5306000EB4710016006F530602D
:1019F00000EB4710006840F0006106F5306000EB36
:101A0000471001607F1C2079B842C9D840F61C00FD
:101A1000805940F0011140F61C008151E07B70B10B
:101A2000D6F8840840F00B01C6F8841840F644004C
:101A3000805940F00B0140F6440081510FE040F620
:101A40001400805942F22B01084340F614018851DA
:101A5000081F805940F00B014FF401608151D6F806
:101A6000000820F4FE60C6F80008A17904F29C4248
:101A7000206808F08DF82068406900F480502168E3
:101A800000E000E04861206808F093FC00F400509A
:101A9000B0F5005F17D1206807F01EFE206808F03F
:101AA00036FCE07102F0B6F80090E2792068009907
:101AB00008F006FD204600F05DFA2068406900F459
:101AC000005021684861206808F073FC00F00800AD
:101AD000082808D1204600F06CFA2068406900F020
:101AE000080021684861206808F063FC00F080006D
:101AF00080282CD1DBF8180020F08000CBF81800EB
:101B0000012521E005EBC50104F5157000EB81000E
:101B1000C078012817D106F5306000EB4510006849
:101B200040F0006106F5306000EB4510016006F5FD
:101B3000306000EB4510006840F0804106F53060F1
:101B400000EB451001606D1C2079A842DAD82068AE
:101B500008F02FFC00F48010B0F5801F2DD1012576
:101B600022E006F5106000EB4510D0F8009005EB80
:101B7000C50104F1140000EB81000079012812D1A5
:101B800009F00040B0F1004F0DD1012105EBC50275
:101B900004F1140000EB8200C170E8B240F0800153
:101BA0002046FFF774FB6D1C2079A842D9D8206825
:101BB000406900F4801021684861206808F0F9FB52
:101BC00000F40010B0F5001F44D1012538E006F5FF
:101BD000306000EB4510D0F8009005EBC50104F52E
:101BE000157000EB81000079012828D109F0004030
:101BF000B0F1004F23D194F8D40400F00100C9F3F0
:101C0000004188421BD1012105EBC50204F5157086
:101C100000EB8200C170DBF8180040F08000CBF8C8
:101C20001800DBF8140000F0800040B940F6040012
:101C3000805940F4007140F60400815103E06D1CAE
:101C40002079A842C3D800BF2068406900F4001082
:101C500021684861206808F0ACFB00F08040B0F1DA
:101C6000804F08D12046FFF7E4FA2068406900F071
:101C7000804021684861206808F09BFB00F0040068
:101C800004280FD12068D0F8049009F0040004283B
:101C900002D12046FFF7F4FA2068406840EA0900C4
:101CA0002168486000BF73E470B504460D462946BC
:101CB000D4F8E00407F010F870BD70B504460D4686
:101CC0002946D4F8E00407F02EF870BD38B5044674
:101CD0000CB9012038BD94F8950428B9002084F887
:101CE0009404204600F0A2F8032084F895042068AC
:101CF00007F046FF207C8DF8000094E80F0007F005
:101D0000FFFC20B1022084F895040120E2E70021C5
:101D1000206808F083FB20B1022084F8950401209C
:101D2000D8E7002531E0012105EBC50204F11400DC
:101D300000EB8200417005EBC50104F1140000F8CE
:101D4000215005EBC50100EB81004583002105EB27
:101D5000C50204F1140000EB8200017105EBC5021D
:101D600004F1140000EB8200816005EBC50204F170
:101D7000140000EB8200C16005EBC50204F1140001
:101D800000EB82000161681CC5B22079A842CADC60
:101D900000252AE0002105EBC50204F5157000EBD3
:101DA0008200417005EBC50104F5157000F8215063
:101DB000002105EBC50200EB8200017105EBC502B5
:101DC00004F5157000EB8200816005EBC50204F597
:101DD000157000EB8200C16005EBC50204F51570BB
:101DE00000EB82000161681CC5B22079A842D1DCF9
:101DF000207C8DF8000094E80F0007F0D1FD20B1A1
:101E0000022084F89504012064E70020607401201A
:101E100084F89504207B012802D12046FFF7C8F9F9
:101E2000206807F0ABFD002054E7000010B5B8B003
:101E30000446142132A8FEF702FBC02102A8FEF7D7
:101E4000FEFA4749206888427ED14FF48021002065
:101E5000CDE902108800249002A800F097FE08B196
:101E6000FEF7C3FB00F040F900BF3E48006840F0B9
:101E700004003C4908600846006800F00400019036
:101E800000BF00BF00BF0846006840F001000860C6
:101E90000846006800F00100019000BF00BF00BFCD
:101EA0000846006840F0020008600846006800F03C
:101EB0000200019000BF00BF0D203290022033903D
:101EC00000203490022035900A20369032A926480E
:101ED000FEF704FD28203290022033900020349039
:101EE000022035900A20369032A92048FEF7F6FCF1
:101EF00043F6234032900220339000203490022099
:101F000035900A20369032A91948FEF7E7FC00BF49
:101F100014480838006840F0007012490839086019
:101F20000846006800F00070019000BF00BF00BFCD
:101F30000846006840F0806008600846006800F0CD
:101F40008060019000BF00E008E000BF0022012196
:101F50004D20FFF7DBF84D20FFF7C4F838B010BD77
:101F600000000440E04402580008025800000258F3
:101F70000004025870B504460125E07908B900252F
:101F800006E0E079022801D1012501E0FEF72DFBF2
:101F90002946D4F8E00406F077FFD4F8E00406F010
:101FA00019FF70BD10B50446D4F8E00406F04DFFEB
:101FB00010BD10B50446D4F8E00406F051FF10BD82
:101FC00070B504460D4600BF94F89404012801D171
:101FD000022070BD012084F8940400BF6574294676
:101FE000206808F04FFA00BF002084F8940400BF76
:101FF00000BFEEE710B5044604F29C41D4F8E004BB
:1020000006F059FF10BD70B50446256800BF94F86E
:102010009404012801D1022070BD012084F89404A9
:1020200000BFE86800F0400030B1607B012803D1B8
:10203000A86B40F48030A863206808F00FF920688E
:1020400007F08AFC00BF002084F8940400BF00BFA2
:10205000E2E7000010B50446D4F8E00406F087FF7C
:102060002068D0F8000E40F001002168C1F8000E91
:10207000E07A28B10348006840F006000149086092
:1020800010BD000010ED00E070B504461548006872
:10209000C0F3800048B91348006800F00700A04270
:1020A00001D0012070BD0020FCE70E48006820F040
:1020B000070020430B490860FEF72CFD054607E0AA
:1020C000FEF728FD401BB0F57A7F01D90120E9E732
:1020D000044808380068C0F340300028F0D00020E1
:1020E000E0E700000C4802580348006840F08070A8
:1020F00001490860704700000C480258F8B50446D2
:102100000025FEF707FD064694F8410000F00200A6
:10211000002847D000BF002084F8400000BF20689E
:10212000006800F0040070B12068006820F004002E
:1021300021680860E06BFEF75BFD05461DB1606C31
:1021400040F00400606420688068C0F3401030B341
:102150002068006840F0020021680860A06C3346E7
:10216000012202210090204604F0DCFD05465DB905
:1021700002202168C860A06C334600222021009014
:10218000204604F0CFFD054665B92068406920F07F
:10219000406021684861012084F8410002E001208C
:1021A00084F841002846F8BD7047000070B5044629
:1021B000002594F8410000F0020000283ED000BF46
:1021C000002084F8400000BF082084F84100206807
:1021D000006820F4F810216808602068006800F0AA
:1021E000040098B12068006820F0040021680860AD
:1021F0001348E16B8865E06BFEF742FDF0B101200A
:1022000084F841002046FFF7CFFF17E02068806880
:10221000C0F3401078B102202168C86020680068CF
:1022200040F40030216808602068006840F0020037
:102230002168086002E0012084F84100284670BD52
:10224000116C000870472DE9F84304460D46174607
:10225000FEF760FC8046A86900B100BFE86900B1E4
:1022600000BF286A00B100BF00BF94F840000128F9
:1022700002D10220BDE8F883012084F8400000BFAD
:1022800094F84100012828D100206064022084F8DD
:1022900041004346002220212046009704F042FDE1
:1022A0000646DEB900222946204604F0B0FB686AE3
:1022B00078B94346012202212046009704F032FDFE
:1022C00006465EB902202168C860012084F84100FA
:1022D00004E0012084F8410000E0022600BF002055
:1022E00084F8400000BF3046C4E710B504460CB97E
:1022F000012010BD2068006820F0010021680860FE
:10230000204600F0A7F90020606484F8410000BF77
:10231000EFE770477047014691F8410070470000B1
:102320002DE9F0410446206886682068076806F0B9
:102330000400002848D007F48020002844D02068FA
:1023400000F1200594F8410012281AD112E0E06A49
:1023500048B1606A00782870606A401C6062E06A78
:10236000401EE06206E02068006820F480202168BA
:10237000086005E020688068C0F380000028E6D18E
:102380001EE094F8410022281AD112E0A06B48B157
:102390002878216B0870206B401C2063A06B401EC6
:1023A000A06306E02068006820F4802021680860AF
:1023B00005E020688068C0F380000028E6D100BFF7
:1023C0002046FFF7A7FFE8E006F0020000287DD0D6
:1023D00007F40030002879D002202168C860206806
:1023E000006820F4E0202168086094F84100122879
:1023F00019D12068006800F0040068B12068006806
:1024000020F0040021680860E06B0068C06820F0DC
:102410000100E16B0968C860012084F84100204692
:1024200000F0B2FBB9E094F84100222832D12068D4
:10243000006800F0040070B12068006820F004001B
:1024400021680860E06B0068C06820F00100E16B63
:102450000968C86017E0206800F120050CE0A06B57
:1024600048B12878216B0870206B401C2063A06B5A
:10247000401EA06300E005E02068806800F47C5006
:102480000028ECD100BF012084F84100204600F074
:102490009FFA82E094F84100022806D1012084F8D6
:1024A00041002046FFF7CEFE77E094F8410008286F
:1024B00073D12068406920F04060216848610120A4
:1024C00084F84100606C28B9204600E006E0FFF780
:1024D0006BFE62E02046FFF71CFF5EE006F008009E
:1024E000B8B107F40020A0B108202168C8602068B6
:1024F000006800F4800040B12068006820F41020DB
:1025000021680860012084F84100204600F03AFB71
:1025100043E006F0010098B307F4803080B3012057
:102520002168C8602068006820F470202168086075
:10253000606C40F0020060642068006800F00400F5
:10254000B8B12068006820F00400216808601448D1
:10255000E16B8865E06BFEF793FBF0B1606C40F0D7
:1025600004006064012084F841002046FFF7D1FE9A
:1025700013E0012084F841002046FFF7CAFE0CE07A
:10258000FFE706F0100040B107F4801028B11020DA
:102590002168C860204600F0F6FABDE8F08100002E
:1025A000116C0008F8B50446FEF7B4FA06460CB9FB
:1025B0000120F8BD206A402800D000BF94F84100F7
:1025C00038B9204600F070F841F28831204600F01A
:1025D000D7FA2068006820F4F851A068401E41EA4C
:1025E000002021680860A06C334600222021009062
:1025F000204604F097FB054635BB2179E06840EAA8
:102600000160E1690843216A0843216809680F4AAB
:102610001140084321680860208A616941EA00404E
:10262000A169084321684968094A114008432168A3
:1026300048602068006840F00100216808600020C0
:102640006064012084F841002846B2E72FFFFF00B4
:10265000FEF8E0FF10B504460E492068884218D104
:102660000D48006820F480400B49086004210B48A5
:10267000FEF778F844210A48FEF774F84FF46051E9
:102680000848FEF76FF8E06BFEF748FB5C20FEF7AA
:1026900013FD10BD00500052D444025800100258DF
:1026A00000040258000C025810B5B8B004461421BA
:1026B00032A8FDF7C4FEC02102A8FDF7C0FE5C49A8
:1026C000206888427ED14FF000710020CDE90210D1
:1026D000159002A800F05AFA08B1FDF786FF00BF76
:1026E0005448006840F48040524908600846006839
:1026F00000F48040019000BF00BF00BF4D480C3087
:10270000006840F010004B490C3108600846006832
:1027100000F01000019000BF00BF00BF0846006835
:1027200040F0020008600846006800F002000190D6
:1027300000BF00BF00BF0846006840F00800086006
:102740000846006800F00800019000BF00BF0420A8
:1027500032900220339000203490032035900920DD
:10276000369032A93448FEF7B9F80420329002209E
:10277000339000203490032035900920369032A900
:102780002E48FEF7ABF84FF46050329002203390A1
:1027900000203490032035900920369032A9284833
:1027A000FEF79CF8402032900220339000203490B5
:1027B000032035900A20369032A92048FEF78EF883
:1027C000204800E032E020490860162048600021DF
:1027D0001D488160C021C1600021016141618161AA
:1027E000C16101624FF000714162042181620021E8
:1027F000C162016341638163FEF7B0FB08B1FDF77D
:10280000F4FE002211461048FEF751FA08B1FDF718
:10281000ECFE00BF0C48E063046400BF00221146D8
:102820005C20FEF773FC5C20FEF75CFC38B010BD4A
:1028300000500052D44402580010025800040258BC
:10284000000C025840000052240200242DE9F843F5
:1028500004460D460026206887692068006900F15B
:10286000010800BF94F84000012802D10220BDE811
:10287000F883012084F8400000BF94F8410001284B
:102880007AD100206064002D77D0C4F838802220EF
:1028900084F8410003202168C860A06B6063256351
:1028A0004948E16B48644948E16B48650020E16BA9
:1028B0008865E06B0068006940F203318843E16B92
:1028C00009680861E06B006A58B9E06B006800694C
:1028D00040F60C41884340F00800E16B096808614C
:1028E00024E0E06B006A40280BD1E06B00680069CF
:1028F00040F60C41884340F48160E16B096808614F
:1029000014E0E06B006A80280BD1E06B006800697E
:1029100040F60C41884300F60800E16B0968086145
:1029200004E0606C40F004006064012620684069A7
:1029300020F0406040F08060216848612068876135
:102940002068006840F480302168086020680068D2
:1029500040F004002168086001200090636B226849
:1029600002F120012A46E06BFEF72EFB30B900BFD2
:10297000002084F8400024E01DE012E02068006898
:1029800020F00400216808600126606C40F004001B
:102990006064012084F8410000BF002084F84000FA
:1029A0000FE0606C40F008006064012600BF00206A
:1029B00084F8400005E0022600BF002084F84000B3
:1029C00000BF304653E700007B6C0008536C0008E2
:1029D0002DE9F04F61480079042864D1604991F8ED
:1029E000A0CE604991F800805C490F8D5C49B1F838
:1029F000950E91F89D9EB9F1000F03D15A4A01241A
:102A0000022502E0594A00240325002344E0002166
:102A10003EE04FF0010A0AFA01FA0AEA080ABAF19E
:102A2000000F00D132E003EB031ADFF844B1DA44BF
:102A30000AEB410ABAF800A04FEA1A2A03EB031B7B
:102A4000DFF82CE1F3441BF811B00AEB0B2A1FFA54
:102A50008AF6A7F1010A824507DD824600F1010BE3
:102A60001FFA8BF022F81A600FE0A7F1010A8245E5
:102A70000BD122F810600020DFF8E4A08AF89D4E08
:102A8000DFF8D8A08AF8055009E000BF4E1CF1B26B
:102A90000829BEDB591C8BB26345B8DB00BF304947
:102AA000A1F8950E57E02D480079022853D02B4805
:102AB000007903284FD000212948A0F8951E80F8FE
:102AC0009D1E002020E02B4901EB40010A8800EB0D
:102AD0004001C1EBC011284B03EB01132649153906
:102AE000B1F8131003EB41010A80224901EB4001C8
:102AF0000A882049133101EB40211E4B9B7C01EBDE
:102B000043010A80411C88B20828DCDB1948807C1C
:102B1000401C1849887401F58050B0F81300401C1F
:102B200081B215481538A0F81310B0F813004FF40F
:102B30007A7190FBF1F201FB120081B20E48153858
:102B4000A0F813100B48007C0C490870034800687B
:102B5000401C02490860BDE8F08F0000D406002444
:102B6000B8640124971A01241C070024515500243D
:102B700059730124B8240124CD340124FCE201243A
:102B80008164704770477047704700002DE9F0413D
:102B900004460025A8464FF00062D4E90010114019
:102BA0000020134659404040014331D1A06E48B146
:102BB000B0F5801F0DD0B0F5001F11D0B0F5401F4B
:102BC00016D114E0F948006840F40030F749086075
:102BD00010E0022104F1080004F0D2F8054609E0F3
:102BE000022104F1280004F07DF9054602E001E02D
:102BF000012500BF00BF55B9EC482430006820F41F
:102C00004010A16E0843E9492431086000E0A8465D
:102C10004FF48073D4E9001019400020594040401F
:102C200001432ED1A06D05281BD2DFE800F0030A76
:102C300011181900DD48006840F40030DB490860D5
:102C400011E0002104F1080004F09AF805460AE0BA
:102C5000002104F1280004F045F9054603E002E0F4
:102C600001E0012500BF00BF55B9D04824300068FD
:102C700020F00700A16D0843CC492431086000E032
:102C8000A8464FF40073D4E90010194000205940C1
:102C90004040014334D1E06D802818D003DC40B1BE
:102CA00040281DD10CE0C02818D0B0F5807F17D186
:102CB00015E0BE48006840F40030BC49086011E0EF
:102CC000002104F1080004F05BF805460AE0002149
:102CD00004F1280004F006F9054603E002E001E0F3
:102CE000012500BF00BF55B9B0482430006820F46A
:102CF000E070E16D0843AD492431086000E0A8466A
:102D00004FF48063D4E9001019400020594040403E
:102D1000014339D1D4F8A800B0F5800F1AD004DCF3
:102D200050B1B0F5001F1ED10DE0B0F5C00F18D0A6
:102D3000B0F5000F17D115E09C48006840F4003052
:102D40009A49086011E0002104F1080004F018F825
:102D500005460AE0002104F1280004F0C3F8054606
:102D600003E002E001E0012500BF00BF5DB98F482C
:102D70002C30006820F46000D4F8A81008438B4978
:102D80002C31086000E0A8464FF40062D4E900103E
:102D900011400020134659404040014339D1D4F836
:102DA000AC00B0F1007F1AD004DC50B1B0F1807FEC
:102DB0001ED10DE0B0F1407F18D0B0F1806F17D177
:102DC00015E07A48006840F400307849086011E066
:102DD000002104F1080003F0D3FF05460AE00021BA
:102DE00004F1280004F07EF8054603E002E001E06B
:102DF000012500BF00BF5DB96C482C30006820F091
:102E0000E060D4F8AC10084368492C31086000E059
:102E1000A8464FF00073D4E9000118400021584043
:102E20004940084328D1E06CA8B1102804D02028DC
:102E300009D0302810D10DE05C48006840F4003023
:102E40005A4908600AE0022104F1080003F098FFE3
:102E5000054603E002E001E0012500BF00BF55B9CF
:102E600052482030006820F03000E16C08434F49A0
:102E70002031086000E0A8464FF48053D4E90010E8
:102E80001940002059404040014337D1206EB0F531
:102E9000005F1AD004DC50B1B0F5805F1ED10DE0A8
:102EA000B0F5405F18D0B0F5804F17D115E03F481E
:102EB000006840F400303D49086011E0002104F151
:102EC000080003F05DFF05460AE0002104F1280038
:102ED00004F008F8054603E002E001E0012500BF28
:102EE00000BF55B931482430006820F4E040216E1D
:102EF00008432E492431086000E0A8464FF40053EF
:102F0000D4E900101940002059404040014335D118
:102F1000606EB0F5403F1ED007DC68B1B0F5803F71
:102F20000BD0B0F5003F19D10EE0B0F5802F13D0D3
:102F3000B0F5A02F12D110E012E0012104F1080039
:102F400003F01EFF05460BE0012104F1280003F009
:102F5000C9FF054604E003E002E001E0012500BFEF
:102F600000BF55B911482430006820F4E020616E9C
:102F700008430E492431086000E0A8464FF480431E
:102F8000D4E900011840002158404940084337D196
:102F9000D4F8B000B0F1405F20D009DC78B1B0F1D6
:102FA000805F0DD0B0F1005F1BD110E02C440258BF
:102FB000B0F1804F13D0B0F1A04F12D110E012E069
:102FC000012104F1080003F0DBFE05460BE00121BE
:102FD00004F1280003F086FF054604E003E002E068
:102FE00001E0012500BF00BF4DB9FE48006820F098
:102FF000E040D4F8B0100843FA49086000E0A84661
:103000004FF40042D4E9001011400020134659400B
:103010004040014329D1206FB0B1B0F1805F03D0AF
:10302000B0F1005F11D108E0EE482C38006840F4A0
:103030000030EC492C39086009E0012104F1080056
:1030400003F09EFE054602E001E0012500BF00BF3F
:1030500055B9E4480838006820F04050216F084313
:10306000E0490839086000E0A8464FF08072D4E9D2
:1030700000101140002013465940404001432AD11E
:10308000A06CB8B1012804D002280BD0032812D1BB
:103090000FE0D4482C38006840F40030D1492C3976
:1030A00008600AE0022104F1080003F069FE054609
:1030B00003E002E001E0012500BF00BF55B9C948A7
:1030C0000C38006820F00300A16C0843C5490C3996
:1030D000086000E0A8464FF48002D4E900011040E7
:1030E000002113465840494008437DD1BE4800683E
:1030F00040F48070BC490860FDF70CFD064606E010
:10310000FDF708FD801B642801D9032505E0B648BA
:10311000006800F480700028F2D000BF85BBB14881
:103120001830006800F44070B4F8B41001F4407135
:10313000884213D0AB481830006820F44077A94883
:103140001830006840F48030A649183108600846FD
:10315000006820F48030086008460760D4F8B400A6
:10316000B0F5807F15D1FDF7D5FC064609E0FDF7E7
:10317000D1FC801B41F28831884202D9032507E047
:1031800038E0984818300068C0F340000028EED0BE
:1031900000BF55BB00BFB4F8B40000F44070B0F5F8
:1031A000407F0ED18F484838006820F47C518F4A08
:1031B000D4F8B400104041EA10108A494839086038
:1031C00007E088484838006820F47C508549483931
:1031D0000860844818300068B4F8B410C1F30B01DB
:1031E00008438049183101E005E001E0086002E091
:1031F000A84600E0A8460122D4E9000110400021C1
:10320000134658404940084330D1E06F18281AD07F
:1032100005DC48B1082808D0102817D10CE0202878
:1032200012D0282812D110E012E0012104F1080088
:1032300003F0A6FD05460BE0012104F1280003F090
:1032400051FE054604E003E002E001E0012500BF75
:1032500000BF55B96348001F006820F03800E16FD7
:1032600008436049091F086000E0A8460222D4E92B
:10327000000110400021134658404940084329D11D
:10328000A06F062816D2DFE800F003040B12131417
:1032900012E0012104F1080003F072FD05460BE085
:1032A000012104F1280003F01DFE054604E003E0BF
:1032B00002E001E0012500BF00BF55B94948001FE9
:1032C000006820F00700A16F08434649091F086005
:1032D00000E0A8460423D4E900101940002059401A
:1032E0004040014329D1D4F89400062816D2DFE8E3
:1032F00000F003040B12131412E0012104F1080082
:1033000003F03EFD05460BE0012104F1280003F027
:10331000E9FD054604E003E002E001E0012500BF0D
:1033200000BF4DB92F48006820F00700D4F8941072
:1033300008432C49086000E0A8462023D4E9000196
:103340001840002158404940084337D1D4F8900034
:10335000B0F1405F1ED007DC68B1B0F1805F0BD0E8
:10336000B0F1005F19D10EE0B0F1804F13D0B0F191
:10337000A04F12D110E012E0002104F1080003F088
:10338000FFFC05460BE0022104F1280003F0AAFD32
:10339000054604E003E002E001E0012500BF00BFB4
:1033A0005DB91048001F006820F0E040D4F890108C
:1033B00008430C49091F086000E0A8464023D4E9EF
:1033C0000010194000205940404001433CD1D4F83E
:1033D0009C00B0F5406F25D00EDCA0B1B0F5806F39
:1033E00012D005E05844025800480258FFFCFF0F75
:1033F000B0F5006F19D10EE0B0F5805F13D0B0F5D5
:10340000A05F12D110E012E0002104F1080003F0E7
:10341000B7FC05460BE0022104F1280003F062FD31
:10342000054604E003E002E001E0012500BF00BF23
:103430004DB9FE48006820F4E050D4F89C100843D1
:10344000FA49086000E0A8468023D4E9001019403A
:10345000002059404040014335D1D4F8A000B0F5D8
:10346000C04F1ED007DC68B1B0F5005F0BD0B0F5DF
:10347000804F19D10EE0B0F5004F13D0B0F5204FBA
:1034800012D110E012E0002104F1080003F078FCF2
:1034900005460BE0022104F1280003F023FD054658
:1034A00004E003E002E001E0012500BF00BF4DB9E8
:1034B000DE48006820F46040D4F8A0100843DB49DF
:1034C000086000E0A8460823D4E900101940002055
:1034D00059404040014317D1D4F88400B0F5805FD3
:1034E00007D1022104F1280003F0FCFC08B14FF0E1
:1034F0000108CE48001F006820F44050D4F8841022
:103500000843CA49091F08601023D4E90010194074
:10351000002059404040014315D1D4F89800B0F53F
:10352000807F07D1022104F1280003F0DBFC08B101
:103530004FF00108BD48006820F44070D4F898109E
:103540000843BA4908604FF40022D4E90001104052
:103550000021134658404940084327D1D4F8A4001D
:1035600030B1B0F5803F0AD0B0F5003F0FD10DE08B
:10357000002104F1080003F003FC054609E00221E4
:1035800004F1280003F0AEFC054602E001E001254D
:1035900000BF00BF4DB9A548006820F44030D4F802
:1035A000A4100843A149086000E0A8464FF4802316
:1035B000D4E90001184000215840494008432DD16A
:1035C000D4F88800B0F5801F06D0B0F5001F0CD0ED
:1035D000B0F5401F11D10FE094482C38006840F43A
:1035E000003092492C39086009E0012104F12800DB
:1035F00003F078FC054602E001E0012500BF00BFB2
:103600005DB98A48001F006820F44010D4F8881083
:1036100008438649091F086000E0A8464FF480323D
:10362000D4E90001104000211346584049400843A6
:1036300025D1206D18B1B0F5803F10D108E07B484E
:103640002C38006840F4003078492C39086008E0D4
:10365000022104F1080003F093FB054601E0012577
:1036600000BF00BF55B971480C38006820F48030A5
:10367000216D08436D490C39086000E0A8464FF001
:103680000052D4E900101140002013465940404038
:10369000014307D1022104F1280003F023FC08B103
:1036A0004FF001084FF40033D4E900011840002125
:1036B00058404940084329D1D4F88000A0B1B0F562
:1036C000807F06D0B0F5007F0CD0B0F5407F0CD1E4
:1036D00009E056482C38006840F4003053492C3932
:1036E000086004E003E002E001E0012500BF00BF44
:1036F0005DB94E48001F006820F44070D4F8801077
:1037000008434A49091F086000E0A8464FF48012A8
:10371000D4E90010114000201346594040400143B5
:1037200009D142480838006820F00040616F084322
:103730003E49083908604FF08052D4E9001011402A
:10374000002013465940404001430AD137484838C9
:10375000006820F48040D4F8B81008433349483951
:1037600008604FF40012D4E9001011400020134605
:1037700059404040014309D12C480838006820F0E6
:103780008070E16E08432949083908604FF0804293
:10379000D4E9001011400020134659404040014335
:1037A00011D100BF21484838006820F400401F496B
:1037B0004839086008460068D4F8BC1008431B4923
:1037C0004839086000BF4FF00042D4E900101140B2
:1037D0000020134659404040014309D113480C389A
:1037E000006820F04050616D084310490C390860B2
:1037F0004FF40002D4E90010114000201346594054
:10380000404001430AD10948001F006820F44000ED
:10381000D4F88C1008430549091F086001230021D2
:103820006068184001224940504001E05844025865
:10383000014306D104F1080003F0A2FA054605B1E0
:10384000A8460222002160681040494050400143D0
:1038500007D1012104F1080003F092FA054605B1F1
:10386000A8460423002061681940042240405140CA
:10387000084307D1022104F1080003F081FA05464C
:1038800005B1A84608230021606818400822494075
:103890005040014306D104F1280003F023FB054604
:1038A00005B1A846102200216068104049405040F0
:1038B000014307D1012104F1280003F013FB054661
:1038C00005B1A846202200206168114040405140C7
:1038D000084307D1022104F1280003F003FB054649
:1038E00005B1A846B8F1000F02D10020BDE8F08173
:1038F0000120FBE72DE9F04104460D4614B90120F3
:10390000BDE8F081BD48006800F00F00A8420ED26B
:10391000BA48006820F00F002843B84908600846FC
:10392000006800F00F00A84201D00120E8E72078ED
:1039300000F0040004280ED1B1492069096801F0A3
:103940007001884207D9AE48006820F070002169F4
:103950000843AB490860207800F00800082811D11E
:10396000A749091D6069096801F07001884209D9F9
:10397000A348001D006820F0700061690843A04959
:10398000091D0860207800F01000102811D19C4912
:10399000091DA069096801F4E061884209D99848C5
:1039A000001D006820F4E060A16908439449091DE6
:1039B0000860207800F02000202811D190490831BB
:1039C000E069096801F07001884209D98C48083023
:1039D000006820F07000E1690843894908310860F7
:1039E000207800F0020002280ED18549E0680968BD
:1039F00001F00F01884207D98148006820F00F00CC
:103A0000E16808437E490860207800F00100002842
:103A100050D07B48006820F47060A1680843784962
:103A200008606068022807D1754818380068C0F33C
:103A30004040F8B9012063E76068032807D1704867
:103A400018380068C0F34060A0B9012058E76068EA
:103A5000012807D16A4818380068C0F3002048B927
:103A600001204DE7664818380068C0F3800008B9A7
:103A7000012045E762480838006820F007006168C7
:103A800008435F4908390860FDF744F8064608E036
:103A9000FDF740F8801B41F28831884201D90320AC
:103AA0002EE757480838006800F038006168B0EB2E
:103AB000C10FEDD1207800F0020002280ED150494C
:103AC000E068096801F00F01884207D24C4800689D
:103AD00020F00F00E1680843494908604748006842
:103AE00000F00F00A8420ED94448006820F00F00F3
:103AF0002843424908600846006800F00F00A842C9
:103B000001D00120FCE6207800F0040004280ED14A
:103B10003B492069096801F07001884207D23848A2
:103B2000006820F07000216908433549086020785A
:103B300000F00800082811D13149091D60690968A1
:103B400001F07001884209D22D48001D006820F064
:103B50007000616908432A49091D0860207800F057
:103B60001000102811D12649091DA069096801F427
:103B7000E061884209D22248001D006820F4E0601C
:103B8000A16908431E49091D0860207800F0200043
:103B9000202811D11A490831E069096801F0700143
:103BA000884209D216480830006820F07000E169A8
:103BB000084313490831086000F052F810490968B9
:103BC000C1F303210F4A515C01F01F0120FA01F7F4
:103BD0000B48006800F00F001146085C00F01F0061
:103BE00027FA00F00849086008480760084800689C
:103BF000FCF7D2FF8046404682E6000000200052DB
:103C0000184402583CF80008400000243C000024FE
:103C10003400002410B500F023F80D490968C1F301
:103C200003210C4A515C01F01F0120FA01F40848FD
:103C3000006800F00F001146085C00F01F0024FA35
:103C400000F005490860054804600846006810BD9A
:103C5000184402583CF80008400000243C000024AE
:103C6000F0B5824E366806F0380636B1082E15D00B
:103C7000102E15D0182E7DD114E07C4E103E3668E3
:103C8000C6F3401646B1794E103E3668C6F3C107FA
:103C9000774E26FA07F000E07548E5E07548E3E066
:103CA0007548E1E0714E1836366806F003046F4E31
:103CB00018363668C6F305116C4E1C36366806F0A9
:103CC00001056A4E24363668C6F3CC0616FB05F6A7
:103CD00001EE106AB8EE410A002971D024B1012C1E
:103CE00050D0022C6DD16DE0604E103E3668C6F3A8
:103CF00040163EB35D4E103E3668C6F3C1075C4EBB
:103D000026FA07F301EE103AF8EE411A01EE101A06
:103D1000B8EE411A81EE812A9FED581AC0EE011AC1
:103D2000524E20363668C6F3080601EE106AB8EE29
:103D3000411A31EE811AF7EE001A31EE211A62EEC5
:103D4000010A1EE001EE101AB8EE411ADFED4C1A1E
:103D500081EE812A9FED491AC0EE011A434E2036AA
:103D60003668C6F3080601EE106AB8EE411A31EE65
:103D7000811A00E076E0F7EE001A31EE211A62EEC9
:103D8000010A5BE001EE101AB8EE411A9FED3D2AE0
:103D9000C2EE011A9FED391A80EE012A334E203609
:103DA0003668C6F3080601EE106AB8EE411A32EE24
:103DB000011AB7EE002A31EE021A61EE810A3DE0E7
:103DC0004EE01DE001EE101AB8EE411ADFED2E1A9A
:103DD00081EE812A9FED291AC0EE011A234E20366A
:103DE0003668C6F3080601EE106AB8EE411A31EEE5
:103DF000811AF7EE001A31EE211A62EE010A1DE077
:103E000001EE101AB8EE411A9FED1E2AC2EE011AF9
:103E10009FED1A1A80EE012A144E20363668C6F33A
:103E2000080601EE106AB8EE411A32EE011AB7EE3A
:103E3000002A31EE021A61EE810A00BF00BF0B4E6C
:103E400020363668C6F34626721C01EE102AB8EEFC
:103E5000411AC0EE811ABCEEE11A11EE100A00E020
:103E6000002001E0034800BF00BFF0BD104402582D
:103E70000090D00300093D0040787D01000000461D
:103E80000024744C0024744A20BCBE4B2DE9F0473A
:103E9000044614B90120BDE8F087207800F0010045
:103EA000002870D0FA48006800F03808F848183048
:103EB000D0F80090B8F1100F06D0B8F1180F0FD15C
:103EC00009F0030002280BD1F14810380068C0F354
:103ED000404000286AD06068002867D10120DAE7F6
:103EE00000BF6068B0F5803F08D1E948103800682D
:103EF00040F48030E649103908602EE0606868B907
:103F0000E3481038006820F48030E1491039086037
:103F10000846006820F4802008601EE06068B0F564
:103F2000A02F0DD1DA481038006840F48020D8491D
:103F3000103908600846006840F4803008600CE0E2
:103F4000D3481038006820F48030D1491039086017
:103F50000846006820F48020086000BF606898B1BF
:103F6000FCF7D8FD054606E0FCF7D4FD401B6428AD
:103F700001D903208FE7C64810380068C0F34040DD
:103F80000028F1D012E012E0FCF7C4FD054606E07F
:103F9000FCF7C0FD401B642801D903207BE7BC4827
:103FA00010380068C0F340400028F1D100BF2078ED
:103FB00000F00200022874D1B548006800F038080B
:103FC000B3481830D0F80090B8F1000F05D0B8F120
:103FD000180F56D109F00300D0BBAD481038006867
:103FE000C0F3800018B1E06808B9012053E7A84881
:103FF0001038006820F01900E1680843A44910391E
:104000000860FCF787FD054606E0FCF783FD401BD2
:10401000022801D903203EE79D4810380068C0F30C
:1040200080000028F1D000BFFCF76EFD41F20301D3
:1040300088421AD8206940280BD195480C3800686E
:1040400020F47C3040F4003091490C39086017E0CE
:1040500017E08F480C38006820F47C30216940EA72
:1040600001308B490C3908600AE089480C38006837
:1040700020F0FE40217C40EA016085490C3908604F
:1040800066E0E06888B382481038006820F01900C4
:10409000E16808437E4910390860FCF73BFD05469E
:1040A00007E056E0FCF736FD401B022801D903204B
:1040B000F1E6774810380068C0F380000028F1D09E
:1040C00000BFFCF721FD41F2030188421AD82069A4
:1040D00040280BD16E480C38006820F47C3040F446
:1040E00000306B490C39086017E017E068480C385D
:1040F000006820F47C30216940EA013064490C39C1
:1041000008600AE062480C38006820F0FE40217C1C
:1041100040EA01605E490C39086019E05C481038DB
:10412000006820F001005A4910390860FCF7F2FCE1
:10413000054606E0FCF7EEFC401B022801D90320EF
:10414000A9E6534810380068C0F380000028F1D178
:1041500000BF207800F0100010287CD14C48006887
:1041600000F038084A481830D0F80090B8F1080F2D
:1041700006D0B8F1180F3DD109F00300012839D15C
:10418000434810380068C0F3002020B1E06980285F
:1041900001D001207FE600BFFCF7B6FC41F203012D
:1041A00088421AD8206A20280AD139480C38006879
:1041B00020F0F84040F0804035490C39086018E0A4
:1041C00033480C38006820F0F84094F8201040EA9A
:1041D00081602F490C3908600BE02D48001F0068F2
:1041E00020F07C5094F8201040EA01602849091F13
:1041F000086066E0E06978B325481038006840F050
:104200008000234910390860FCF784FC054606E06D
:10421000FCF780FC401B022801D903203BE61C4828
:1042200010380068C0F300200028F1D000BFFCF770
:104230006BFC41F2030188421CD8206A20280CD173
:1042400013480C38006820F0F84040F080401049D6
:104250000C3908601AE035E01CE00D480C380068A5
:1042600020F0F84094F8201040EA816008490C39A9
:1042700008600BE00648001F006820F07C5094F8AE
:10428000201040EA01600249091F086019E000009F
:1042900010440258FA48006820F08000F84908608D
:1042A000FCF738FC054606E0FCF734FC401B02280E
:1042B00001D90320EFE5F2480068C0F30020002890
:1042C000F2D100BF207800F00800082836D16069DC
:1042D000D0B1EB487430006840F00100E849743117
:1042E0000860FCF717FC054606E0FCF713FC401BD2
:1042F000022801D90320CEE5E14874300068C0F3FC
:1043000040000028F1D019E0DD487430006820F04A
:104310000100DB4974310860FCF7FCFB054606E050
:10432000FCF7F8FB401B022801D90320B3E5D44871
:1043300074300068C0F340000028F1D1207800F00C
:104340002000202830D1A069B8B1CD48006840F4E1
:104350008050CB490860FCF7DDFB054606E0FCF722
:10436000D9FB401B022801D9032094E5C44800680A
:10437000C0F340300028F2D016E0C148006820F4B5
:104380008050BF490860FCF7C5FB054606E0FCF716
:10439000C1FB401B022801D903207CE5B848006816
:1043A000C0F340300028F2D1207800F00400042847
:1043B0007DD1B448006840F48070B2490860FCF7D1
:1043C000A9FB054606E0FCF7A5FB401B642801D9C4
:1043D000032060E5AB48006800F480700028F2D04C
:1043E00000BFA068012808D1A5487030006840F0DF
:1043F0000100A349703108602DE0A06868B9A048A9
:104400007030006820F001009D4970310860084656
:10441000006820F0040008601DE0A06805280DD1A8
:1044200097487030006840F004009549703108608A
:104430000846006840F0010008600CE090487030C9
:10444000006820F001008E4970310860084600685D
:1044500020F00400086000BFA068A0B1FCF75AFB80
:10446000054608E0FCF756FB401B41F288318842C4
:1044700001D903200FE5824870300068C0F3400086
:104480000028EFD013E0FCF745FB054608E0FCF7F9
:1044900041FB401B41F28831884201D90320FAE4F4
:1044A000774870300068C0F340000028EFD1606AA0
:1044B00000287DD072481030006800F038001828BD
:1044C00077D0606A022875D16D48006820F080704E
:1044D0006B490860FCF71EFB054606E0FCF71AFB7B
:1044E000401B022801D90320D5E465480068C0F3C9
:1044F00040600028F2D100BFD4E90A1041EA001060
:104500005F492831096840F2F332914308435C491E
:1045100028310860208E401EC0F30800616B491EE0
:104520004FF47E4202EA41210843218F491ED20105
:1045300002EA014108433C21095D491E120202EAD8
:10454000016108434E493031086000BF081F006810
:1045500020F00100091F08604948343000684FF618
:10456000F8718843A16C40EAC100454934310860C4
:1045700043482C30006820F00C00216C084340496F
:104580002C3108600846006820F00200616C084386
:104590003B492C3108600846006840F480300860D0
:1045A0000846006840F4003008600846006802E0F1
:1045B00093E038E01FE040F480200860084600687F
:1045C00040F0010008602E48006840F080702C49DF
:1045D0000860FCF79FFA054606E0FCF79BFA401BD3
:1045E000022801D9032056E425480068C0F3406042
:1045F0000028F2D071E02248006820F08070204945
:104600000860FCF787FA054606E0FCF783FA401BD2
:10461000022801D903203EE419480068C0F3406035
:104620000028F2D159E01648283007681448303085
:104630000668606A012821D007F00301A06A814260
:104640001CD1C7F30511E06A884217D1C6F30801EF
:10465000206B401E814211D1606B401EC6F3462183
:1046600088420BD1A06B401EC6F30641884205D19B
:10467000E06B401EC6F30661884205D001200AE4C3
:10468000004402580048025815480068C0F3CC079F
:10469000A06CB84221D012480838006820F0010010
:1046A0000F4908390860FCF735FA054600BFFCF7EA
:1046B00031FA401BFBD00A4800684FF6F871884376
:1046C000A16C40EAC1000649086005480838006846
:1046D00040F0010002490839086000204AE4000067
:1046E0003444025870B504460CB9012070BD606AAC
:1046F00000B900BF0021A1626349206888420CD044
:1047000062492068884208D061492068884204D004
:10471000E0680F2801D90120E8E7204602F0FFFCFD
:10472000054659492068884209D05849206888427E
:1047300005D057492068884201D0082D0DD852492C
:104740002068884207D051492068884203D05049E8
:104750002068884203D1102D01D90120C6E794F8C2
:10476000810028B9002084F88000204600F092F8EB
:10477000022084F881002068006820F00100216890
:1047800008602068806800F4F816A069B0F1806FB6
:1047900011D16068B0F5800F01D1A06B28B16068BD
:1047A00048B9A06BB0F1805F05D12068006840F483
:1047B000805021680860606800F48000B0F5800FC8
:1047C0000BD1E068072808D32068006820F48070C7
:1047D000216D08432168086005E02068006820F426
:1047E000807021680860A16AE06908433043E16B8A
:1047F0000843E168084321688860616A606B084388
:10480000A16B0843A1690843216908436169084312
:10481000216A084361680843E16C0843A1680843C2
:10482000A16C0843A16D08432168C860606878B92D
:104830002068806820F4C05040F4006021688860DF
:104840002068806820F4C06040F48060216888603F
:104850002068006D20F0010021680865606800F4A0
:104860008000B0F5800F07D12068C06820F00040BC
:10487000616D08432168C8600020C4F884000120ED
:1048800084F88100002031E700300140003800400A
:10489000003C004010B5B8B00446142132A8FBF724
:1048A000CEFDC02102A8FBF7CAFD834920688842DB
:1048B00050D181140020CDE902101A9002A8FEF711
:1048C00065F908B1FBF791FE00BF7C48006840F431
:1048D00080507A4908600846006800F480500190D2
:1048E00000BF00BF00BF75481038006840F00100ED
:1048F0007249103908600846006800F00100019014
:1049000000BF00BF00BF0846006840F0020008601A
:104910000846006800F00200019000BF00BFC02000
:10492000329002203390002034903590052036904C
:1049300032A96348FBF7D2FF08203290022033905F
:104940000020349035900520369032A95D48FBF761
:10495000C5FFAFE05C492068884254D18114002033
:10496000CDE902101A9002A8FEF710F908B1FBF782
:104970003CFE00BF51480838006840F480404F4971
:10498000083908600846006800F48040019000BFC4
:1049900000BF00BF49481038006840F00200474996
:1049A000103908600846006800F00200019000BF5E
:1049B00000BF00BF0846006840F0010008600846DC
:1049C000006800F00100019000BF00BF4FF44040BC
:1049D000329002203390002034903590052036909C
:1049E00032A93848FBF77AFF4FF40070329002206A
:1049F00033900020349035900520369032A930480D
:104A0000FBF76CFF56E031492068884252D181148F
:104A10000020CDE902101A9002A8FEF7B7F808B1FD
:104A2000FBF7E3FD00BF25480838006840F400406C
:104A30002249083908600846006800F400400190E7
:104A400000BF00BF00BF1D481038006840F00400E0
:104A50001A49103908600846006800F00400019007
:104A600000BF00BF00BF0846006840F002000860B9
:104A70000846006800F00200019000BF00BF4FF43C
:104A8000A0503290022033900020349035900620C0
:104A9000369032A90E48FBF721FF102032900220F9
:104AA00033900020349035900620369032A9054886
:104AB000FBF714FF38B010BD00300140F04402583D
:104AC000000002580004025800380040003C00403A
:104AD000000802582DE9F05F0446894617461E4635
:104AE000E06B4009401C1FFA80FB206800F1300891
:104AF000FCF710F8824694F88100012802D00220C9
:104B0000BDE8F09FB9F1000F00D00FB90120F7E721
:104B100000BF94F88000012801D10220F0E70120B5
:104B200084F8800000BF04205C3484F82500002055
:104B3000A062C4F80890A781E7812060A080E0808F
:104B40006061A0615C3CA068B0F5C02F06D1206810
:104B5000006820F400602168086007E02068C068F1
:104B600020F4C02040F480202168C860206840689C
:104B70006FF30F003843216848602068006840F0F8
:104B80000100216808606068B0F5800F05D12068D9
:104B9000006840F4007021680860E0680F285CD964
:104BA00056E0206845692068406900F0010060B166
:104BB0002068006B616E0860606E001D6066B4F86E
:104BC0006A00401EA4F86A0042E0B4F86A00584542
:104BD0000FDA05F4004060B12068006B616E086078
:104BE000606E001D6066B4F86A00401EA4F86A009A
:104BF0002EE005F40060B0F5006F0DD1206800686C
:104C000000F40070B0F5007F22D12068806940F484
:104C10000060216888611BE0FBF77CFFA0EB0A00C5
:104C2000B04201D3701C00B996B9204602F00CFACC
:104C3000D4F8840040F48070C4F88400012084F823
:104C4000810000BF002084F8800000BF032057E7E8
:104C5000B4F86A000028A4D107E1E068072878D9F1
:104C600072E0206845692068406900F0010060B189
:104C7000B8F80000616E0880606E801C6066B4F851
:104C80006A00401EA4F86A005EE0B4F86A00584565
:104C900016DA05F4004098B1B8F80000616E08809B
:104CA000606E801C6066B8F80000616E0880606EFF
:104CB000801C6066B4F86A00801EA4F86A0043E0B5
:104CC000B4F86A0001280FD105F4005060B1B8F8BB
:104CD0000000616E0880606E801C6066B4F86A0037
:104CE000401EA4F86A002FE005F40060B0F5006FE4
:104CF0000DD12068006800F40070B0F5007F23D16A
:104D00002068806940F40060216888611CE0FBF73E
:104D100001FFA0EB0A00B04201D3701C00B99EB99C
:104D2000204602F091F9D4F8840040F48070C4F871
:104D30008400012084F8810000BF002084F88000F6
:104D400000BF0320DCE604E0B4F86A00002888D144
:104D50008BE085E0206845692068406900F001002B
:104D600068B1206890F83000616E0870606E401C79
:104D70006066B4F86A00401EA4F86A0070E0B4F8F7
:104D80006A00584528DA05F4004028B3206890F8F6
:104D90003000616E0870606E401C6066206890F89C
:104DA0003000616E0870606E401C6066206890F88C
:104DB0003000616E0870606E401C6066206890F87C
:104DC0003000616E0870606E401C6066B4F86A0066
:104DD000001FA4F86A0043E0B4F86A00042810D267
:104DE00005F4C04068B1206890F83000616E08702A
:104DF000606E401C6066B4F86A00401EA4F86A0049
:104E00002EE005F40060B0F5006F0DD12068006859
:104E100000F40070B0F5007F22D12068806940F472
:104E20000060216888611BE0FBF774FEA0EB0A00BC
:104E3000B04201D3701C00B996B9204602F004F9C3
:104E4000D4F8840040F48070C4F88400012084F811
:104E5000810000BF002084F8800000BF03204FE6DF
:104E6000B4F86A0000287FF475AF204602F0ECF831
:104E7000012084F8810000BF002084F8800000BF7A
:104E8000D4F8840008B101203AE6002038E62DE984
:104E9000F8430446884616461D46206800F120095E
:104EA000FBF738FE074694F88100012802D0022063
:104EB000BDE8F883B8F1000F00D00EB90120F7E784
:104EC00000BF94F88000012801D10220F0E7012002
:104ED00084F8800000BF03205C3484F825000020A3
:104EE000A062C4F80080A680E680A060A081E08176
:104EF000A06160615C3CA068B0F5C02F06D120685D
:104F0000006840F400602168086007E02068C0681D
:104F100020F4C02040F400302168C8602068406858
:104F20006FF30F003043216848602068006840F04C
:104F30000100216808606068B0F5800F05D1206825
:104F4000006840F4007021680860E0680F2833D9D9
:104F50002DE02068406900F0020002280CD1E06DCD
:104F6000006821680862E06D001DE065B4F8620029
:104F7000401EA4F862001AE0FBF7CCFDC01BA8425B
:104F800001D3681C00B995B9204602F05DF8D4F849
:104F9000840040F48070C4F88400012084F881000B
:104FA00000BF002084F8800000BF032080E7B4F831
:104FB00062000028CDD1A4E0E068072846D940E08F
:104FC0002068406900F0020002281FD1B4F8620096
:104FD00001280ED9E06B60B1E06D006821680862BD
:104FE000E06D001DE065B4F86200801EA4F8620068
:104FF00027E0E06D0088A9F80000E06D801CE06506
:10500000B4F86200401EA4F862001AE0FBF782FDCB
:10501000C01BA84201D3681C00B995B9204602F014
:1050200013F8D4F8840040F48070C4F884000120A0
:1050300084F8810000BF002084F8800000BF0320B6
:1050400036E7B4F862000028BAD15AE055E020688B
:10505000406900F00200022834D1B4F8620003284D
:105060000FD9E06B40280CD9E06D00682168086218
:10507000E06D001DE065B4F86200001FA4F8620056
:105080003BE0B4F8620001280ED9E06B60B1E06D3E
:105090000088A9F80000E06D801CE065B4F86200AB
:1050A000801EA4F8620028E0E06D0078216881F895
:1050B0002000E06D401CE065B4F86200401EA4F8DA
:1050C00062001AE0FBF726FDC01BA84201D3681C52
:1050D00000B995B9204601F0B7FFD4F8840040F438
:1050E0008070C4F88400012084F8810000BF002093
:1050F00084F8800000BF0320DAE6B4F862000028DC
:10510000A5D12B46002208212046009702F014F872
:1051100028B1D4F8840040F02000C4F88400204670
:1051200001F092FF012084F8810000BF002084F884
:10513000800000BFD4F8840008B10120B8E6002048
:10514000B6E670B504462546681EB0F1807F01D3EF
:1051500001200FE0681E4FF0E02148610F214FF061
:10516000FF3005F04DFA00204FF0E0218861072064
:105170000861002070BD70477047704710B5034646
:10518000002200BF93F83C00012801D1022010BD8D
:10519000012083F83C0000BF22F0FF00CC6840EA09
:1051A000040222F440708C6840EA040222F4806019
:1051B0004C6840EA040222F400600C6840EA0402F1
:1051C00022F480500C6940EA040222F400504C6939
:1051D00040EA040222F480408C6A40EA040222F48D
:1051E00070200C8B40EA04420F4C1868A04203D098
:1051F0000E4C1868A0420ED122F470008C8C40EA4C
:10520000045222F08070CC6940EA040222F000705F
:105210000C6A40EA04021868426400BF002083F868
:105220003C0000BF00BFB2E70000014000040140A5
:1052300030B502460B4600BF92F83C00012801D170
:10524000022030BD012082F83C0000BF022082F81D
:105250003D001068416810688468214D1068A842BC
:1052600003D0204D1068A84203D121F47001586882
:10527000014321F070011868014310684160184D26
:105280001068A8421BD01068B0F1804F17D0164D9F
:105290001068A84213D0154D1068A8420FD0144DC5
:1052A0001068A8420BD00F4D1068A84207D0114DCE
:1052B0001068A84203D0104D1068A84205D124F010
:1052C00080049868044310688460012082F83D00DF
:1052D00000BF002082F83C0000BF00BFB1E7000023
:1052E00000000140000401400004004000080040AC
:1052F000000C0040001800400040014010B504467A
:105300000CB9012010BD94F83D0028B9002084F8A4
:105310003C00204600F02AF8022084F83D00211DC0
:10532000206802F01DFA012084F8480000BF84F8CC
:105330003E0001213F2001554020015541200155EB
:10534000422001554320015500BF00BF012084F8D1
:10535000440045200155462001554720015500BF16
:10536000012084F83D000020CCE7000038B5044659
:105370001A492068884216D100BF1948006840F0D9
:105380008000174908600846006800F0800000901F
:1053900000BF00BF002201212C20FBF7B7FE2C200C
:1053A000FBF7A0FE19E00F492068884215D100BF25
:1053B0000B48006840F4807009490860084600689E
:1053C00000F48070009000BF00BF002201212D205A
:1053D000FBF79CFE2D20FBF785FE38BD001C00402E
:1053E000E844025800200040014691F83D000128A1
:1053F00001D001207047022081F83D000868C06894
:1054000040F001000B68D8601C4B086898421BD024
:105410000868B0F1804F17D0194B0868984213D034
:10542000184B086898420FD0174B086898420BD069
:10543000164B0868984207D0154B0868984203D06D
:10544000144B0868984210D108688068124B00EA33
:105450000302062A0FD0B2F5803F0CD0086800681E
:1054600040F001000B68186005E00868006840F033
:1054700001000B6818600020BCE70000000001403C
:105480000004004000080040000C004000040140FF
:10549000001800400040014007000100704770B54F
:1054A00004462068C6682068056905F002000228E5
:1054B00019D106F00200022815D1401F21680861A9
:1054C000012020772068806900F0030018B1204691
:1054D000FFF7E4FF05E0204600F092F9204600F0D7
:1054E00087FB0020207705F00400042819D106F07E
:1054F0000400042815D1C0432168086102202077E8
:105500002068806900F4407018B12046FFF7C6FF9C
:1055100005E0204600F074F9204600F069FB002009
:10552000207705F00800082819D106F0080008289F
:1055300015D1C04321680861042020772068C06924
:1055400000F0030018B12046FFF7A8FF05E0204651
:1055500000F056F9204600F04BFB0020207705F0C4
:105560001000102819D106F01000102815D1C043E2
:1055700021680861082020772068C06900F4407025
:1055800018B12046FFF78AFF05E0204600F038F901
:10559000204600F02DFB0020207705F0010048B1E7
:1055A00006F0010030B16FF001002168086120466B
:1055B00000F0D2FB05F08000802804D005F40050F4
:1055C000B0F5005F0AD106F08000802806D16FF4A4
:1055D0000250216808612046FFF7CEFD05F4807077
:1055E000B0F5807F0AD106F08000802806D16FF4E4
:1055F0008070216808612046FFF7BDFD05F040007E
:10560000402809D106F04000402805D1C043216858
:105610000861204600F002FC05F02000202809D196
:1056200006F02000202805D1C043216808612046EB
:10563000FFF7A3FD70BD000010B586B0044614212D
:1056400001A8FAF7FCFE6449206888421DD100BF1A
:105650006248006840F01000604908600846006831
:1056600000F01000009000BF00BF4FF400700190E8
:105670000220029000200390032004900120059056
:1056800001A95748FBF72AF9A3E02068B0F1804F41
:105690001BD100BF5148006840F001004F4908602D
:1056A0000846006800F00100009000BF00BF022023
:1056B00001900290002003900320049001200590A7
:1056C00001A94848FBF70AF983E047492068884266
:1056D0001CD100BF4148006840F004003F49086009
:1056E0000846006800F00400009000BF00BF802062
:1056F00001900220029000200390032004900220D9
:10570000059001A93948FBF7E9F862E038492068BB
:1057100088421DD100BF3148006840F008002F4981
:1057200008600846006800F00800009000BF00BF55
:105730004FF480400190022002900020039003204B
:1057400004900220059001A92A48FBF7C7F840E021
:105750002949206888421CD100BF2048006840F0D9
:1057600001001E4908600846006800F00100009032
:1057700000BF00BF0420019002200290002003908F
:10578000032004900220059001A91648FBF7A6F813
:105790001FE01A49206888421BD100BF0F480068EB
:1057A00040F004000D4908600846006800F004005D
:1057B000009000BF00BF4FF40070019002200290E3
:1057C0000020039003200490059001A90748FBF7EF
:1057D00085F806B010BD000000000140E04402580A
:1057E000001002580000025800040040000802584F
:1057F00000080040000C0258000C0040000401406A
:1058000070472DE9F04104460D461646002700BFBB
:1058100094F83C00012802D10220BDE8F08101206B
:1058200084F83C0000BF0C2E51D005DC4EB1042E94
:105830001ED0082E7AD133E0102E60D0142EF9D16C
:1058400075E02946206802F007F82068806940F07A
:105850000800216888612068806920F004002168C0
:10586000886120688069296908432168886178E037
:105870002946206802F048F82068806940F40060FA
:10588000216888612068806920F4806021688861CF
:1058900020688069296940EA01202168886160E008
:1058A0002946206802F08CF82068C06940F00800A2
:1058B0002168C8612068C06920F004002168C861BF
:1058C0002068C069296908432168C86149E0294600
:1058D000206802F0D1F82068C06940F400602168B7
:1058E000C8612068C06920F480602168C8612068B0
:1058F000C069296940EA01202168C86131E0294670
:10590000206802F0F3F82068406D40F0080021683C
:1059100048652068406D20F00400216848652068D3
:10592000406D29690843216848651AE017E0294657
:10593000206802F013F92068406D40F4006021688F
:1059400048652068406D20F48060216848652068C3
:10595000406D296940EA01202168486501E001277E
:1059600000BF00BF00BF002084F83C0000BF3846E5
:1059700053E710B504460CB9012010BD94F83D0062
:1059800028B9002084F83C00204600F029F80220C5
:1059900084F83D00211D206801F0E2FE012084F81A
:1059A000480000BF84F83E0001213F2001554020FF
:1059B000015541200155422001554320015500BFAA
:1059C00000BF012084F844004520015546200155C0
:1059D0004720015500BF012084F83D000020CCE79E
:1059E00038B504467B49206888422ED100BF7A48EA
:1059F000006840F00100784908600846006800F03F
:105A00000100009000BF00BF002201211820FBF719
:105A10007DFB1820FBF766FB002201211920FBF714
:105A200075FB1920FBF75EFB002201211A20FBF712
:105A30006DFB1A20FBF756FB002201211B20FBF710
:105A400065FB1B20FBF74EFBC2E02068B0F1804FE6
:105A500018D100BF60480838006840F001005E4976
:105A6000083908600846006800F00100009000BF97
:105A700000BF002201211C20FBF748FB1C20FBF784
:105A800031FBA5E055492068884218D100BF524833
:105A90000838006840F002004F490839086008469D
:105AA000006800F00200009000BF00BF002201214A
:105AB0001D20FBF72BFB1D20FBF714FB88E048495A
:105AC0002068884218D100BF43480838006840F079
:105AD00004004149083908600846006800F00400E5
:105AE000009000BF00BF002201211E20FBF70EFB2B
:105AF0001E20FBF7F7FA6BE03A492068884218D17C
:105B000000BF35480838006840F0080032490839BD
:105B100008600846006800F00800009000BF00BF61
:105B2000002211463220FBF7F1FA3220FBF7DAFAB5
:105B30004EE02D49206888422ED100BF26480068DB
:105B400040F00200244908600846006800F00200A6
:105B5000009000BF00BF002201212B20FBF7D6FAE6
:105B60002B20FBF7BFFA002201212C20FBF7CEFAF5
:105B70002C20FBF7B7FA002201212D20FBF7C6FAF3
:105B80002D20FBF7AFFA002201212E20FBF7BEFAF1
:105B90002E20FBF7A7FA1BE014492068884217D192
:105BA00000BF0D480838006840F040000A49083935
:105BB00008600846006800F04000009000BF00BF89
:105BC000002201212B20FBF7A1FA2B20FBF78AFAF8
:105BD00038BD000000000140F044025800040040BD
:105BE00000080040000C0040000401400018004084
:105BF0007047000070B504460D4615B994F83E0094
:105C000015E0042D02D13F20005D10E0082D02D1E7
:105C10004020005D0BE00C2D02D14120005D06E02C
:105C2000102D02D14220005D01E04320005D0128DB
:105C300001D0012070BD1DB9022084F83E001AE099
:105C4000042D03D102213F20015514E0082D03D17A
:105C50000221402001550EE00C2D03D102214120EC
:105C6000015508E0102D03D102214220015502E028
:105C700002214320015501222946206801F0DAFD66
:105C80002B49206888420FD02A49206888420BD0CF
:105C900029492068884207D028492068884203D0D3
:105CA00027492068884201D1012000E0002028B166
:105CB0002068406C40F40040216848641C4920681A
:105CC00088421BD02068B0F1804F17D01D49206852
:105CD000884213D01C49206888420FD01B49206895
:105CE00088420BD013492068884207D018492068A1
:105CF000884203D010492068884210D1206880680B
:105D0000144900EA0106062E0FD0B6F5803F0CD0EC
:105D10002068006840F001002168086005E0206804
:105D2000006840F0010021680860002082E7000060
:105D300000000140000401400040014000440140D7
:105D4000004801400004004000080040000C0040F2
:105D5000001800400700010010B5044624480078F0
:105D600000B910BD2348844202D101F04DFC3CE053
:105D70002148844202D101F05FFC36E01F48844292
:105D800002D101F071FC30E01D48844202D101F0E3
:105D900083FC2AE01B48844202D101F095FC24E0F8
:105DA0001948844202D101F0CBFC1EE0174884421E
:105DB00006D109F0FFF905F073FD05F0BDF814E018
:105DC000134884420CD1012240211248FAF796FE72
:105DD00008F052F9002240210E48FAF78FFE04E045
:105DE0000D48844201D105F0D1FC00BFB9E70000A5
:105DF000000000242804002474040024C0040024AB
:105E00000C05002458050024A4050024F0050024F6
:105E10003C0600240008025888060024704730B56C
:105E20000B46002100BF16E00A24B4EB107F05D911
:105E3000302404EB107403F8114005E0412404EB16
:105E400010740A3C03F81140000100254C00641C4A
:105E50001D554C1CE1B29142E6DB30BD10B5024845
:105E6000FAF78CFF10BD000024020024D0E90323C0
:105E70001A430368DA60D0E905231A43C3691A4359
:105E8000036A1A43436A1A43C36A1A43036B1A43E9
:105E9000038D5B1E42EA834283681A4303681A61DA
:105EA0004268B2F1804F05D10268126942F0404267
:105EB00003681A61002203685A61426B002A0BDAF8
:105EC0000268526942F4802203685A61426B51426F
:105ED0008AB203681A6203E0828E92B203681A6281
:105EE000826B002A0EDA0268526942F400220368CB
:105EF0005A61826B51420268126A42EA01420368A7
:105F00001A6206E00268136A028F43EA02420368DB
:105F10001A624268B2F1804F03D0027903689A6234
:105F200002E0002203689A62002203685A62704706
:105F3000F0B50C46059D0668766963F310060768A0
:105F40007E616F1E0668766967F31F5607687E617B
:105F50001F2607687E600668F2610668B46104F077
:105F60007F41B1F1005F00D031B90668B66A46F4EE
:105F700080360768BE6205E00668B66A26F4803699
:105F80000768BE6202F07F41B1F1005F00D031B915
:105F90000668B66A46F400360768BE6205E0066821
:105FA000B66A26F400360768BE620768C66D7E6270
:105FB000F0BD000000B587B0142102A8FAF73FFA3F
:105FC00000BF5948006840F0100057490860084673
:105FD000006800F01000019000BF00BF00BF08463D
:105FE000006840F0800008600846006800F080000B
:105FF000019000BF00BF00BF0846006840F00400E9
:1060000008600846006800F00400019000BF00BF6F
:1060100000BF0846006840F00100086008460068BC
:1060200000F00100019000BF00BF00BF08460068FB
:1060300040F0020008600846006800F0020001908D
:1060400000BF00BF00BF0846006840F008000860BD
:106050000846006800F00800019000BF00BF002261
:1060600008213248FAF74AFD002249F6104130482B
:10607000FAF744FD00224FF4F0612E48FAF73EFD96
:10608000002240212C48FAF739FD002280212B48BC
:10609000FAF734FD082002900120039000200490BC
:1060A000059002A92148FAF719FC48F21040029025
:1060B00001200390002004900320059002A91C48B1
:1060C000FAF70CFC4FF4F0600290012003900020DE
:1060D0000490059002A91748FAF700FC40200290AE
:1060E00001200390002004900320059002A912488B
:1060F000FAF7F4FB4FF4C050029001200390002007
:106100000490059002A90A48FAF7E8FB8020029063
:106110000120039000200490059002A90748FAF797
:10612000DDFB07B000BD0000E0440258001002583B
:1061300000000258000C02580008025800040258DF
:1061400008B500BF0A48006840F00100084908602F
:106150000846006800F00100009000BF00BF002268
:1061600011467A20FAF7D2FF7A20FAF7BBFF08BD72
:10617000D444025810B50C480C4908601E204860F1
:1061800001210A4881600021C1601F2101614FF493
:10619000E061416100218161C1610162FCF702FAA5
:1061A00008B1FAF722FA10BD00500052D8010024BD
:1061B00010B51748174908604FF480004860002167
:1061C000144881600721C1600021016141614FF0E5
:1061D000806181614FF04051C161002101624162E3
:1061E0008162C1624FF08041416300218163C163DC
:1061F000016441648164C16401654FF000414165FF
:1062000000218165FEF76EFA08B1FAF7EEF910BDCC
:10621000003001409002002410B51748174908606B
:106220004FF4800048600021144881600721C1605C
:106230004FF000710161002141614FF08061816187
:106240000021C161016241628162C1624FF08041FF
:10625000416300218163C163016441648164C1645D
:1062600001654FF00041416500218165FEF73AFA72
:1062700008B1FAF7BAF910BD00380040180300243D
:1062800010B51748174908604FF480004860002196
:10629000144881600721C1600021016141614FF014
:1062A000806181618900C161002101624162816276
:1062B000C1624FF08041416300218163C163016489
:1062C00041648164C16401654FF000414165002172
:1062D0008165FEF707FA08B1FAF787F910BD0000EB
:1062E000003C0040A003002400B58BB000200890C3
:1062F00009900A901C2101A8FAF7A1F8164817493D
:106300000860EF20486000211448816040F2E731C6
:10631000C160002101618161FFF72BFB08B1FAF731
:1063200064F9002008900A9008A90C48FEF780FF45
:1063300008B1FAF75AF9602001900020029003900A
:106340000590002201A90548FFF75BFA08B1FAF7AA
:106350004CF90BB000BD000000180040F00500240F
:1063600010B50A480A490860EF2048600021084833
:10637000816040F2E731C160002101618161FEF777
:10638000BDFF08B1FAF731F910BD0000001C004054
:106390003C06002410B5094809490860EF20486010
:1063A0000021074881606321C16000210161816192
:1063B000FEF7A4FF08B1FAF718F910BD002000405D
:1063C0008806002400B595B0002012901390149018
:1063D0001C210BA8FAF733F82C216846FAF72FF89E
:1063E000274828490860EF2048600021254881603F
:1063F0004FF6FF71C1600021016141618161FFF7CA
:10640000B8FA08B1FAF7F1F800201290139014903E
:1064100012A91C48FEF70CFF08B1FAF7E6F8602055
:106420000B904FF47A700C9000200D900E900F900E
:106430001090119000220BA91248FFF7E2F908B161
:10644000FAF7D3F800200090019002900390049096
:106450004FF4005005900020069007904FF0007018
:106460000890002009900A9069460648FEF786FECB
:1064700008B1FAF7BAF80348FFF7DEF815B000BD27
:10648000000001402804002400B58BB000200890D3
:1064900009900A901C2101A8F9F7D1FF4FF0804024
:1064A00018490860EF2048600021164881604FF6C7
:1064B000FF71C160002101618161FFF75AFA08B1E3
:1064C000FAF793F8002008900A9008A90D48FEF703
:1064D000AFFE08B1FAF789F8602001904FF47A70A6
:1064E0000290002003900590042201A90548FFF7BF
:1064F00088F908B1FAF779F80248FFF79DF80BB070
:1065000000BD00007404002400B58BB0002008908A
:1065100009900A901C2101A8F9F791FF1848194920
:106520000860EF2048600021164881604FF6FF7137
:10653000C160002101618161FFF71BFA08B1FAF720
:1065400054F8002008900A9008A90E48FEF770FE43
:1065500008B1FAF74AF8602001904FF47A7002907F
:10656000002003900590042201A90648FFF749F98D
:1065700008B1FAF73AF80348FFF75EF80BB000BD30
:1065800000040040C004002400B58BB00020089037
:1065900009900A901C2101A8F9F751FF18481949E0
:1065A0000860EF2048600021164881604FF6FF71B7
:1065B000C160002101618161FFF7DBF908B1FAF7E1
:1065C00014F8002008900A9008A90E48FEF730FE43
:1065D00008B1FAF70AF8602001904FF47A7002903F
:1065E000002003900590082201A90648FFF709F949
:1065F00008B1F9F7FAFF0348FFF71EF80BB000BD2A
:10660000000800400C05002400B58BB00020089065
:1066100009900A901C2101A8F9F711FF184819499F
:106620000860EF2048600021164881604FF6FF7136
:10663000C160002101618161FFF79BF908B1F9F7A1
:10664000D4FF002008900A9008A90E48FEF7F0FD3C
:1066500008B1F9F7CAFF602001904FF47A700290F8
:10666000002003900590082201A90648FFF7C9F809
:1066700008B1F9F7BAFF0348FEF7DEFF0BB000BD23
:10668000000C00405805002400B595B00020129081
:10669000139014901C210BA8F9F7D1FE2C21684609
:1066A000F9F7CDFE274828490860EF20486000210F
:1066B000254881604FF6FF71C16000210161416191
:1066C0008161FFF756F908B1F9F78FFF00201290AA
:1066D0001390149012A91C48FEF7AAFD08B1F9F70F
:1066E00084FF60200B904FF47A700C9000200D9086
:1066F0000F90109011900C220BA91348FFF781F80E
:1067000008B1F9F772FF0020009001900290039009
:1067100004904FF4005005900020069007904FF031
:1067200000700890002009900A9069460648FEF71C
:1067300025FD08B1F9F759FF0348FEF77DFF15B0B5
:1067400000BD000000040140A405002410B5012292
:106750000E490F4802F0F6F808B1F9F746FF0D4967
:106760000B4802F045FC08B1F9F73FFF0A49084819
:1067700001F0C8FC08B1F9F738FF054802F040FD08
:1067800008B1F9F732FFFBF7AFFC10BD440000245D
:106790000BE40124C2000024A200002400BFFEE795
:1067A00010B50248FAF7E5FE10BD0000DCF8012440
:1067B0002DE9F04704460D4626683746D6F8408056
:1067C00007F5306000EB4510D0F808901048804580
:1067D0000BD909F40040B0F5004F06D14FF4004149
:1067E00007F5306000EB451081602046FBF702FCA6
:1067F0000748804508D9A079012805D104F29C42B8
:106800000121206803F0C4F90020BDE8F0870000F2
:106810000A30544F2DE9F04705460C46D5F8009054
:106820004E46D9F840A006F5306000EB4410D0F891
:106830000880A879012855D108F0080008280FD150
:10684000434882450BD908F40040B0F5004F7BD196
:106850004FF4004106F5306000EB4410816073E0B6
:1068600008F02000202806D1202106F5306000EB3A
:106870004410816068E008F02800002864D13448A2
:1068800082450CD908F40040B0F5004F07D14FF411
:10689000004106F5306000EB4410816054E004EBE9
:1068A000C40105F5157000EB810706F5306000EBBB
:1068B0004410396A0069C0F31200081A786164B99B
:1068C000386930B905F29C420121286803F060F96B
:1068D00003E07969F8680844F860E1B22846FAF7FD
:1068E000BFFC31E01B4882451BD108F40040B0F5E5
:1068F000004F07D14FF4004106F5306000EB441023
:10690000816021E008F02000202805D1202106F533
:10691000306000EB44108160E1B22846FAF7A0FC39
:1069200012E06CB904EBC40105F5157000EB8100B1
:10693000006928B905F29C420021286803F028F973
:10694000E1B22846FAF78CFC0020BDE8F087000091
:106950000A30544F0A31544F2DE9F84F07460E467E
:10696000D7F80090C84606EBC60107F1140000EB0B
:106970008104D4E90410884202D90120BDE8F88FCF
:10698000D4E90401451AA068A84200D2A568E81C11
:106990004FEA900A17E0D4E90401451AA068A8421A
:1069A00000D2A568E81C4FEA900AB879ABB2F2B2FF
:1069B00000904846E16803F0F7FDE0682844E06095
:1069C00060692844606108F5106000EB461080693A
:1069D00080B2504506D3D4E90410884202D220691F
:1069E0000028D8D1D4E9040188420ED806F00F015E
:1069F000012000FA01FB40F6340050F8080020EABC
:106A00000B0040F6340141F808000020B6E710B54D
:106A10004B6A33B1B2F1406F03D08B6A5B1E0468DE
:106A200023618B69002B7DD00B6AF3B38B680468FC
:106A3000E361CB69FBB1D1E90B3423434C6B2343B6
:106A40004C6A23438C8A43EA84430C6923430C6ACF
:106A50002343CC682343CC6923438C6923430C68CC
:106A60002343134304686361B2F1406F02D04B6863
:106A70000468A361CBE0D1E90B3423434C6B23437F
:106A80004C6A23438C8A43EA84430C6923430C6A8F
:106A90002343CC6923438C6923430C68234313436A
:106AA000046863610023046800E001E0A361AEE0D4
:106AB000CB69EBB1D1E90B3423434C6B23434C6AD4
:106AC00023438C8A43EA84430C6A2343CC682343E0
:106AD000CC6923438C6923430C6823431343046824
:106AE0006361B2F1406FC5D04B680468A3618EE06A
:106AF000D1E90B3423434C6B23434C6A23438C8AE8
:106B000043EA84430C6A2343CC6923438C692343BF
:106B10000C68234313430468636100230468A36182
:106B200075E0FFE70B6ADBB38B680468E361CB6950
:106B3000EBB1D1E90B3423434C6B23434C6A234321
:106B40008C8A43EA84430C6923430C6A2343CC6850
:106B50002343CC6923438C69234313430468636153
:106B6000B2F1406F53D04B680468A3614FE0D1E9A4
:106B70000B3423434C6B23434C6A23438C8A43EAF4
:106B800084430C6923430C6A2343CC6923438C69F7
:106B9000234313430468636100230468A36136E060
:106BA000FFE7CB69DBB1D1E90B3423434C6B2343C3
:106BB0004C6A23438C8A43EA84430C6A2343CC689F
:106BC0002343CC6923438C692343134304686361E3
:106BD000B2F1406F1BD04B680468A36117E04B6AA9
:106BE000ABB1D1E90B3423434C6B23434C6A2343B1
:106BF0008C8A43EA84430C6A2343CC6923438C691F
:106C0000234313430468636100230468A36110BD38
:106C100070B505462C6C0020A063E06294F841003A
:106C200008280FD102202168C8602068006840F45D
:106C30000030216808602068006840F00200216888
:106C4000086005E0012084F841002046FBF761FB65
:106C500070BD70B505462C6C0020A063E062606CCE
:106C600040F0040060642068006820F0040021689F
:106C700008602046FBF79AFA70BD0146086C0022B6
:106C800082630268126842F4003203681A60704737
:106C90002DE9F0438FB005460E4617469846DDF8BD
:106CA00058901F48FBF737FB012801D0012000E076
:106CB000002040B11A48FBF721FA1948FBF715FBF1
:106CC0001748FBF76FFC4FF4407007900195800068
:106CD00008904FF400500490CDF8088000200990EF
:106CE0004FF040700A90CDF82C90069600200E9040
:106CF0000D900C9041F2883201A90948FBF7A3FAE4
:106D000004461CB120460FB0BDE8F0833946044864
:106D1000FBF79CFD04460CB12046F4E70020F2E7A7
:106D2000D80100242DE9F04104460E461746984646
:106D3000069D12E0681C80B1F9F7ECFEA0EB08009C
:106D4000A84200D84DB9042084F84100606C40F09E
:106D5000010060640120BDE8F08120688068304057
:106D600008B1012000E00020B842E3D10020F2E7A2
:106D700010B50248FBF7D4FA10BD0000D80100247A
:106D80002DE9F04104460E4600275548006800F002
:106D90000300032802D10120BDE8F08150482838C3
:106DA000006820F080604E4928390860F9F7B2FE8B
:106DB000054606E0F9F7AEFE401B022801D9032084
:106DC000EAE7474828380068C0F3C0600028F1D1DE
:106DD00000BF4348006820F47C30216840EA01305D
:106DE0003F490860A088401EC0F30800A168491E02
:106DF0004FF47E4202EA41210843A189491ED20193
:106E000002EA01410843217C491E120202EA0161A3
:106E1000084333491031086000BF3148001D006845
:106E200020F0C000616908432D49091D086008462B
:106E3000006820F02000A16908432949091D086065
:106E40000846006820F010000860254814300068EB
:106E50004FF6F8718843E16940EAC10020491431D6
:106E600008601F48001D006840F010001C49091D03
:106E700008602EB90846006840F40020086012E05F
:106E8000012E08D11648001D006840F480101449F6
:106E9000091D086007E01248001D006840F400105A
:106EA0000F49091D08600E482838006840F08060CE
:106EB0000B4928390860F9F72DFE054606E0F9F779
:106EC00029FE401B022801D9032065E70448283821
:106ED0000068C0F3C0600028F1D038465CE70000CD
:106EE000284402582DE9F04104460E460027554833
:106EF000006800F00300032802D10120BDE8F08102
:106F000050482838006820F080504E4928390860E1
:106F1000F9F700FE054606E0F9F7FCFD401B0228E4
:106F200001D90320EAE7474828380068C0F34070D9
:106F30000028F1D100BF4348006820F07C70218810
:106F400040EA01503F490860A088401EC0F3080095
:106F5000A168491E4FF47E4202EA41210843A189FB
:106F6000491ED20102EA01410843217C491E120256
:106F700002EA0161084333491831086000BF314813
:106F8000001D006820F44060616908432D49091D17
:106F900008600846006820F40070A1690843294988
:106FA000091D08600846006820F4807008602548C4
:106FB0001C3000684FF6F8718843E16940EAC1006F
:106FC00020491C3108601F48001D006840F4807093
:106FD0001C49091D08602EB90846006840F480006D
:106FE000086012E0012E08D11648001D006840F428
:106FF00000001449091D086007E01248001D0068E0
:1070000040F080700F49091D08600E48283800685C
:1070100040F080500B4928390860F9F77BFD0546A0
:1070200006E0F9F777FD401B022801D9032065E748
:10703000044828380068C0F340700028F1D0384672
:107040005CE70000284402580268516902689269AE
:1070500042F0080203689A610268926942F01002E5
:1070600003689A610268126822F0010203681A60DC
:107070000268126940F26F339A4303681A6102682A
:10708000926822F4404203689A6090F88120042AB2
:107090000ED001F020025AB1D0F8842042F08002D4
:1070A000C0F884200268926942F0200203689A6165
:1070B00090F88120032A0ED001F040025AB1D0F896
:1070C000842042F00402C0F884200268926942F0F1
:1070D000400203689A6101F400725AB1D0F884202A
:1070E00042F00102C0F884200268926942F4007202
:1070F00003689A6101F480725AB1D0F8842042F09A
:107100000802C0F884200268926942F48072036821
:107110009A610022A0F86220A0F86A20704710B59A
:1071200001460124C86B04EB5013C868421CD01DF3
:10713000C20802FB03F010BD2DE9F04106460D46E2
:1071400017461C46DDF818800BE0F9F7E3FCA0EBCE
:107150000800A04201D3601C00B914B90320BDE8A7
:10716000F081306840692840A84201D1012000E048
:107170000020B842E9D00020F1E7704730B5014661
:107180000A461378521C147843EA042030BD10B527
:1071900007F014FB10BD000000B59DB04C210AA8FB
:1071A000F9F74DF9202102A8F9F749F90220FAF779
:1071B0006BFF00BF002001902A48006840F4404067
:1071C000284908600846006800F4404001902648BD
:1071D000006840F00100244908600846006800F09B
:1071E0000100019000BF00BF00BF1E48006800F40E
:1071F0000050B0F5005FF8D101200A9000040B9018
:10720000022013900221149105211591C02116919D
:1072100002211791142118910221199108211A9124
:1072200000211B911C910AA8FCF730FE08B1F9F768
:10723000DCF93F20029003200390002004900820F6
:10724000059040200690079000010890402009908A
:10725000042102A8FCF74EFB08B1F9F7C6F91DB0EE
:1072600000BD0000184802582C040058F0B5824FA9
:107270003F6807F0380737B1082F0DD0102F0DD019
:10728000182F75D10CE07C4F103F3F68C7F3C10C3D
:107290007A4F27FA0CF1D1E07949CFE07949CDE076
:1072A000754F18373F6807F00304734F18373F686E
:1072B000C7F30510704F1C373F6807F001056E4F8C
:1072C00024373F68C7F3CC0717FB05F701EE107AA8
:1072D000B8EE410A00287DD024B1012C2AD0022C1E
:1072E00065D146E0644F103F3F68C7F3C10C634F60
:1072F00027FA0CF201EE102AB8EE412A01EE100A2C
:10730000B8EE411AC2EE011A9FED5F1A80EE012A13
:10731000594F20373F68C7F3080701EE107AB8EEDF
:10732000411A32EE011AB7EE002A31EE021A61EE6E
:10733000810A66E001EE100AB8EE411A9FED532A69
:10734000C2EE011A9FED501A80EE012A4A4F2037F3
:107350003F68C7F3080701EE107AB8EE411A32EE23
:10736000011AB7EE002A31EE021A61EE810A48E0F6
:107370005BE001EE100AB8EE411A9FED452AC2EE1D
:10738000011A9FED411A80EE012A3B4F20373F68DA
:10739000C7F3080701EE107AB8EE411A32EE011A6F
:1073A000B7EE002A31EE021A61EE810A29E0324F6F
:1073B000103F3F68C7F3C10C304F27FA0CF201EEC3
:1073C000102AB8EE412A01EE100AB8EE411AC2EEB8
:1073D000011A00E027E09FED2C1A80EE012A264FCB
:1073E00020373F68C7F3080701EE107AB8EE411A5C
:1073F00032EE011AB7EE002A31EE021A61EE810A6E
:1074000000BF00BF1C4F20373F68C7F346277B1CD7
:1074100001EE103AB8EE411AC0EE811ABCEEE11A44
:1074200011EE101A00E0002108E0134F103F3F68F2
:10743000C7F3C10C114F27FA0CF100BF00BF0E4F6C
:1074400008373F68C7F30327DFF848C01CF8076018
:10745000F140094F08373F6807F00F071CF8077025
:1074600007F01F0721FA07F7DFF82CC0CCF80070EF
:107470000A4F3960F0BD0000104402580090D0035C
:1074800000093D0040787D01000000460024744A58
:1074900020BCBE4B3CF80008400000243C00002407
:1074A0003F48006840F470003D4908603D4800686E
:1074B00000F00F00072806D23A48006820F00F00BD
:1074C000C01D384908603848006840F0010036495E
:1074D000086000203449103108603348006833499F
:1074E0000840314908602F48006800F00F00072865
:1074F00006D92C48006820F00F00C01D29490860FB
:107500000020294918310860091D0860091D08601C
:1075100027482549283108602648091D0860264863
:10752000091D08600020091D08602348091D086026
:107530000020091D08602048091D08600020091D61
:1075400008601948006820F480201749086000206E
:10755000154960310860194800686FF30F00B0F1F9
:10756000005F02D20120164908600F48D43000683D
:1075700000F4805098B90C48D430006840F4805032
:107580000949D431086043F2D2000E490860064828
:10759000D430006820F480500349D431086070472B
:1075A00088ED00E000200052004402587FEDF6EA2A
:1075B000000202020000FF01800201010010005CD5
:1075C000088100510040005210B50248FDF767FFE6
:1075D00010BD00002804002410B50248FDF75FFF2D
:1075E00010BD00002804002410B50248FDF757FF25
:1075F00010BD00002804002410B50248FDF74FFF1D
:1076000010BD00002804002400B50549012004F045
:10761000A7FC0448D0F8460001490968486300BD4A
:1076200028040024FCE2012410B50248FDF737FFCE
:1076300010BD00007404002400B50549062004F0C4
:107640008FFC0448D0F85A0001490968886300BDDE
:1076500074040024FCE2012410B50248FDF71FFF6A
:1076600010BD0000C004002400B50549032004F04B
:1076700077FC0448D0F84E0001490968886300BDD2
:10768000C0040024FCE2012410B50248FDF707FF06
:1076900010BD00000C05002400B50549022004F0CF
:1076A0005FFC0448D0F84A0001490968C86300BD7E
:1076B0000C050024FCE2012410B50248FDF7EFFEA2
:1076C00010BD00005805002400B50549052004F050
:1076D00047FC0448D0F8560001490968C86300BD5A
:1076E00058050024FCE2012410B50348FDF7D7FE3D
:1076F0000248FDF7D4FE10BDA4050024F0050024C7
:1077000010B50248FDF7CBFE10BD0000A405002413
:1077100010B50348FDF7C3FE0248FDF7C0FE10BDDB
:10772000A40500248806002410B50348FDF7B7FE21
:107730000248FDF7B4FE10BDA40500243C06002459
:1077400000B50549042004F00BFC0448D0F85200B1
:1077500001490968086400BDA4050024FCE2012475
:1077600010B502682B4B98420ED0B0F1804F0BD071
:10777000294B984208D0294B984205D0284B984273
:1077800002D0284B984203D122F070024B681A4372
:10779000204B984217D0B0F1804F14D01E4B984226
:1077A00011D01E4B98420ED01D4B98420BD01D4B52
:1077B000984208D01C4B984205D01C4B984202D0EE
:1077C0001B4B984203D122F44072CB681A4322F03B
:1077D00080034C6943EA04028B68C3620B688362CE
:1077E0000C4B98420BD00F4B984208D00E4B98424E
:1077F00005D00E4B984202D00D4B984201D10B6937
:107800000363036843F004030360012343610260E0
:1078100010BD0000000001400004004000080040CE
:10782000000C0040000401400040014000440140C1
:107830000048014030B501F01F05012404FA05F3AA
:10784000046A9C430462046A01F01F0502FA05F50C
:107850002C43046230BD000030B5026A056A25F091
:107860000105056243688469214D2C4024F003041E
:107870000D682C4322F002028D682A431D4DA84258
:1078800000D10FE01C4DA84200D10BE01B4DA842D7
:1078900000D107E01A4DA84200D103E0194DA842DB
:1078A00008D100BF056A25F00405056222F0080230
:1078B000CD682A430F4DA8420BD00F4DA84208D0E7
:1078C0000E4DA84205D00E4DA84202D00D4DA84243
:1078D00007D123F4807323F400734D692B438D6922
:1078E0002B43436084614D684563026230BD0000F4
:1078F0008FFFFEFF000001400004014000400140F6
:10790000004401400048014030B5026A056A25F094
:107910001005056243688469234D2C4024F44074AB
:107920000D6844EA052422F020028D6842EA05121F
:107930001E4DA84200D10FE01D4DA84200D10BE022
:107940001C4DA84200D100BF1B4DA84200D100BF72
:107950001A4DA84209D108E0056A25F040050562E4
:1079600022F08002CD6842EA0512104DA8420BD0E9
:107970000F4DA84208D00F4DA84205D00E4DA84289
:1079800002D00E4DA84209D123F4806323F4006392
:107990004D6943EA85038D6943EA85034360846149
:1079A0004D688563026230BDFF8FFFFE000001401D
:1079B00000040140004001400044014000480140F3
:1079C00030B5026A056A25F4807505624368C469AA
:1079D000234D2C4024F003040D682C4322F4007244
:1079E0008D6842EA05221F4DA84200D10FE01E4DCE
:1079F000A84200D10BE01D4DA84200D100BF1C4D94
:107A0000A84200D100BF1B4DA84209D108E0056A79
:107A100025F48065056222F40062CD6842EA052201
:107A2000104DA8420BD0104DA84208D00F4DA842CF
:107A300005D00F4DA84202D00E4DA84209D123F423
:107A4000805323F400534D6943EA05138D6943EADB
:107A500005134360C4614D68C563026230BD000018
:107A60008FFFFEFF00000140000401400040014084
:107A7000004401400048014030B5036A056A25F41E
:107A8000805505624468C269124D2A4022F4407252
:107A90000D6842EA052223F400538D6843EA05335A
:107AA0000D4DA8420BD00D4DA84208D00C4DA84258
:107AB00005D00C4DA84202D00B4DA84204D124F4AD
:107AC00080444D6944EA85144460C2614D68056490
:107AD000036230BDFF8FFFFE000001400004014043
:107AE00000400140004401400048014030B5026AB6
:107AF000056A25F4803505624368446D114D2C40BC
:107B00000D682C4322F400320D8942EA05420E4DE5
:107B1000A8420BD00D4DA84208D00D4DA84205D06B
:107B20000C4DA84202D00C4DA84204D123F480335E
:107B30004D6943EA0523436044654D6885650262EB
:107B400030BD00008FFFFEFF000001400004014037
:107B500000400140004401400048014030B5026A45
:107B6000056A25F4801505624368446D114D2C406B
:107B70000D6844EA052422F400120D8942EA0552F8
:107B80000D4DA8420BD00D4DA84208D00C4DA84277
:107B900005D00C4DA84202D00B4DA84204D123F4CD
:107BA00080234D6943EA8523436044654D68C5657C
:107BB000026230BDFF8FFFFE000001400004014063
:107BC0000040014000440140004801402DE9F041DF
:107BD00004460D46D4F8BC72D4F8C81204F52D70D2
:107BE00000EB8100006810B90320BDE8F081D4F8F3
:107BF000C81204F52D7000EB8100066805F00F0037
:107C000000EB800104F10E0000EB8100006838B346
:107C100005F00F0000EB800104F10E0000EB810085
:107C2000016805F00F0000EBC00207F1140000EB43
:107C300082008068B1FBF0F200FB121080B90021D5
:107C400005F00F0000EB800204F10E0000EB820053
:107C5000016000231A462946204601F096F919E0F2
:107C60000020C6F81202D4F8C81204F52E7000EBFA
:107C700081000068006968B1D6F80602D4F8C8220D
:107C800004F52E7101EB820109680B692A4606F2A0
:107C90000E2198470020A8E770B504460E46D4F898
:107CA000C81204F52D7000EB81000568D4F8C812E5
:107CB00004F52D7000EB8100006808B9032070BD49
:107CC0003146204600F0AAFFC5F80A02D5F80202A4
:107CD000D4F8C83204F52E7101EB83010968CA6833
:107CE00005F20A2190470020E9E7000070B504463C
:107CF0000D4632480178204600F054FE00212F48FE
:107D0000007800F00F0000EB800204F10E0000EBA1
:107D10008200C1732A480178204600F043FE00210A
:107D20002748007800F00F0000EB800204F5A770F0
:107D300000EB8200C17323480178204600F032FE38
:107D400000212048007800F00F0000EB800204F1D1
:107D50000E0000EB8200C1731A48007800F00F009B
:107D600000EB800204F10E0000EB82008160D4F889
:107D7000C81204F52D7000EB81000068E0B1D4F862
:107D8000C82204F52E7101EB82010968486880471A
:107D9000D4F8C82204F52D7101EB8201086801F0C6
:107DA0002CFC0021D4F8C82204F52D7000EB8200D1
:107DB00001600020C4F8B002002070BD3F01002423
:107DC000400100244101002470B50446D4F8C812D3
:107DD00004F52D7000EB810005680DB9032070BD1E
:107DE000D4F8C81204F52E7000EB81000068A0B131
:107DF00095F80002FF2810D095F8012295F80002AE
:107E0000D4F8C86204F52E7101EB860109688B680D
:107E100029469847FF2085F800020020DFE7000090
:107E200001460A200880014870470000B80000247D
:107E30002DE9F041044682210D4800F044FC05463E
:107E400001210B4800F03FFC06468121084800F064
:107E50003AFC07460DB11020A8710EB14020B08049
:107E60000FB14020B880432020800148BDE8F08158
:107E7000FC0000242DE9F041044682210E4800F068
:107E800022FC054601210C4800F01DFC064681211C
:107E9000094800F018FC07460DB11020A87116B172
:107EA0004FF40070B08017B14FF40070B8804320D9
:107EB00020800148BDE8F081FC0000242DE9F0415C
:107EC000044682210D4800F0FEFB054601210B48C7
:107ED00000F0F9FB06468121084800F0F4FB074654
:107EE0000DB11020A8710EB14020B0800FB140201C
:107EF000B880432020800148BDE8F081FC000024C8
:107F000070B504460E4640F21A2001F077FB054694
:107F10004DB90021D4F8C82204F52D7000EB820081
:107F20000160022070BD40F21A212846F8F787FA56
:107F3000D4F8C81204F52D7000EB81000560D4F868
:107F4000C81204F52D7000EB81000068C4F8B0027F
:107F5000607B98BB4FF400730222514801782046A1
:107F600000F008FF01214E48007800F00F0000EB00
:107F7000800204F10E0000EB8200C1734B0202226A
:107F800048480178204600F0F5FE01214548007878
:107F900000F00F0000EB800204F5A77000EB8200F8
:107FA000C17310214048007800F00F0000EB800200
:107FB00004F10E0000EB8200816032E0FFE7402315
:107FC000022237480178204600F0D4FE01213448CF
:107FD000007800F00F0000EB800204F10E0000EBCF
:107FE0008200C173402302222E480178204600F00F
:107FF000C1FE01212B48007800F00F0000EB800249
:1080000004F5A77000EB8200C173102126480078A8
:1080100000F00F0000EB800204F10E0000EB820084
:1080200081600823032220480178204600F0A2FE48
:1080300001211D48007800F00F0000EB800204F1E0
:108040000E0000EB8200C1730020C5F80202D4F8D4
:10805000C82204F52E7101EB820109680868804787
:108060000020C5F81202C5F81602D5F8020208B9B8
:10807000022057E7607B48B9D5F802224FF400731D
:1080800008480178204600F08DFE07E0D5F802226E
:10809000402304480178204600F084FE002041E798
:1080A0003F010024400100244101002470B5044632
:1080B000D4F8C81204F52D7000EB81000568D4F8DF
:1080C000C81204F52D7000EB8100006808B9032088
:1080D00070BD607B48B9D5F802224FF400730848A0
:1080E0000178204600F05EFE07E0D5F8022240232A
:1080F00003480178204600F055FE0020E8E7000024
:1081000040010024024609B903207047D2F8C83262
:1081100002F52E7000EB830001600020F5E710B53A
:108120000246D2F8C84202F52D7000EB84000368C5
:108130000BB9032010BDC3F802120020FAE730B5D6
:1081400003460C46D3F8C85203F52D7000EB8500AA
:10815000016809B9032030BDC1F80642C1F80E22FA
:108160000020F8E72DE9FC4105460C46D5F8C81279
:1081700005F52D7000EB810006680020019000904D
:10818000804616B90320BDE8FC81207800F060002D
:10819000002840D020287FD1E08870B3207800F0FC
:1081A0008000C0B1E2886078D5F8C8C205F52E71AC
:1081B00001EB8C0109688B6831469847E0880728F5
:1081C00001D9072000E0E08807463A4631462846B4
:1081D00000F013F91EE0607886F80002E08840287D
:1081E00001D2E08800E0402086F8010296F80122E2
:1081F0003146284600F0DFF80CE0FFE76078D5F85C
:10820000C82205F52E7101EB820109688B680022F6
:108210002146984747E0607830B1012832D00A28DB
:1082200013D00B282FD121E095F89602032805D111
:1082300002226946284600F0E0F805E0214628467B
:1082400000F0ADF84FF0030824E095F896020328FB
:1082500005D1012201A9284600F0CFF805E021460A
:10826000284600F09CF84FF0030813E095F89602BA
:10827000032805D02146284600F091F84FF0030866
:1082800008E009E006E02146284600F088F84FF0B3
:10829000030800BF00BF06E02146284600F07FF833
:1082A0004FF0030800BF00BF40466CE770B50546BD
:1082B000D5F8C81205F52D7000EB81000468012681
:1082C0000CB9032070BDD4F81202C8B90120C4F85B
:1082D0001202D4F80E120B48007800F00F0000EBE9
:1082E000800205F10E0000EB82000160D4F80E322E
:1082F000D4F8062203480178284600F046FE0026FE
:108300003046DFE73F01002470B504460D460026E5
:10831000D4F8AC02426829462046904700B10326B3
:10832000304670BD70B504460D4694F8960201289B
:1083300004D0022803D003280CD101E000BF00BF05
:108340006888012805D10020C4F89B02204600F06F
:1083500069F804E02946204600F021F800BF00BF7C
:1083600070BD02460020704702460020704770B57D
:1083700006460C4615462B4622460021304600F0A4
:1083800011FD002070BD70B506460C4615462B4603
:1083900022460021304600F0F8FD002070BD70B587
:1083A00004460D468021204600F0BFFD00212046F6
:1083B00000F0BBFD70BD70B504460E4615460320A7
:1083C000C4F88E02C4F84E51C4F85E61C4F852512C
:1083D0002B4632460021204600F0E4FC002070BD10
:1083E00010B504460520C4F88E0200231A4619462B
:1083F000204600F0D7FC002010BD70B504460E46A4
:1084000015460220C4F88E02C4F80E50C4F81E604F
:10841000C4F812502B4632460021204600F0B5FD2C
:10842000002070BD10B504460420C4F88E0200235D
:108430001A461946204600F0A8FD002010BD70B570
:1084400004460D46E888012804D029462046FFF757
:10845000A6FF1EE094F89602012804D0022803D05B
:10846000032810D109E000BF0020C4F80500012254
:10847000611D2046FFF7C1FF0AE00122611C204672
:10848000FFF7BBFF04E029462046FFF788FF00BF47
:1084900000BF70BDF8B504460E46002000900027CE
:1084A000002570880012062874D006DC01281BD035
:1084B000022821D003286ED132E007286CD00F2883
:1084C000F9D1D4F8A802C06938B1607BD4F8A812F9
:1084D000CA6969469047074605E031462046FFF7DE
:1084E0005EFF681CC5B2CBE0607BD4F8A8120A68B6
:1084F000694690470746C3E0607B40B9D4F8AC02B8
:10850000816A6846884707460220787007E0D4F8F9
:10851000AC02C16A68468847074602207870AFE01F
:10852000B07806287AD2DFE800F00316293F5265BA
:10853000D4F8A802406838B1607BD4F8A8124A6821
:1085400069469047074605E031462046FFF727FF7A
:10855000681CC5B269E0D4F8A802806838B1607BB5
:10856000D4F8A8128A6869469047074605E0314664
:108570002046FFF714FF681CC5B256E0D4F8A802E5
:10858000C06850B1607BD4F8A812CA6869469047A9
:10859000074608E04BE06CE059E031462046FFF723
:1085A000FEFE681CC5B240E0D4F8A802006938B1EC
:1085B000607BD4F8A8120A6969469047074605E02F
:1085C00031462046FFF7EBFE681CC5B22DE0D4F81B
:1085D000A802406938B1607BD4F8A8124A6969469C
:1085E0009047074605E031462046FFF7D8FE681C55
:1085F000C5B21AE0D4F8A802806940B1607BD4F813
:10860000A8128A6969469047074606E006E03146A7
:108610002046FFF7C4FE681CC5B206E0314620467E
:10862000FFF7BDFE681CC5B200BF00BF28E0607B3D
:1086300030B9D4F8AC02416B68468847074605E07C
:1086400031462046FFF7ABFE681CC5B218E0607BE0
:1086500040B9D4F8AC02016B68468847074607204A
:10866000787005E031462046FFF799FE681CC5B2D8
:1086700006E031462046FFF792FE681CC5B200BFF7
:1086800000BF05B1F8BDF088C0B1BDF8000080B1F1
:10869000F088BDF80010884202DDBDF8000000E05F
:1086A000F0880090BDF8002039462046FFF7A5FE6F
:1086B00007E031462046FFF772FE02E02046FFF752
:1086C000B1FE00BFDEE72DE9F84105460F462C4616
:1086D0002E464FF0000870883178884218DD3078D7
:1086E00000900FE06946204600F020F804466078CC
:1086F000052807D1A04698F80200B84200D106E04C
:108700004FF000087088BDF800108842EADC00BF16
:108710004046BDE8F881014600200A4602E0431CBD
:10872000D8B2521C1378002BF9D1704710B502460D
:1087300010460B88047823440B800378981810BDEA
:1087400070B504460D4694F89602012804D002281C
:1087500003D003281DD101E000BF00BFE888022834
:1087600004D029462046FFF71AFE17E00120C4F87E
:108770000900D4F89B0228B1D4F8090040F00200A7
:10878000C4F80900022204F109012046FFF735FE72
:1087900004E029462046FFF702FE00BF00BF70BD7F
:1087A0002DE9F04107460D46904600240FB9BDE87B
:1087B000F0813E463046FFF7AEFF022101EB40005C
:1087C000B0F5007F01D9080204E03046FFF7A3FFAF
:1087D0004000801CA8F8000098F800002855601C94
:1087E000C4B203202855601CC4B208E03078285574
:1087F000761C601CC4B200202855601CC4B23078BE
:108800000028F3D100BFD2E70146002031B1012991
:1088100006D0022906D0032908D105E0002007E090
:10882000032005E0012003E0032001E0032000BF56
:1088300000BF704770B505460C462DB92246064963
:1088400006A0FFF7ADFF04E02246034903A0FFF7AF
:10885000A7FF014870BD0000DCE60124434443202B
:10886000436F6E6669670000024612200880014867
:10887000704700006400002470B505460C462DB911
:108880002246064906A0FFF78BFF04E02246034973
:1088900003A0FFF785FF014870BD0000DCE601245E
:1088A00043444320496E746572666163650000004D
:1088B000024604200880014870470000840000241C
:1088C00070B505460C462246024903A0FFF768FF33
:1088D000004870BDDCE6012453544D6963726F6536
:1088E0006C656374726F6E696373000070B50546E2
:1088F0000C462DB92246064906A0FFF751FF04E0B9
:108900002246034903A0FFF74BFF014870BD00005A
:10891000DCE6012453544D3332205669727475617C
:108920006C20436F6D506F727400000070B5054687
:108930000C461A202080F7F7E7FE014870BD0000C2
:10894000880000242DE9F04104460D46164614B96E
:108950000320BDE8F0810020C4F8AC02C4F8B802DE
:10896000C4F8C4020DB1C4F8A852012084F89602DC
:108970002670204600F05CF907463846E9E72DE905
:10898000F04104460D4600260027D4F8BC022946D3
:10899000F8F7D3FC06463046FFF736FF0746384661
:1089A000BDE8F0812DE9F04104460D460026002780
:1089B000D4F8BC022946F8F78BFC06463046FFF790
:1089C00023FF07463846BDE8F0812DE9F04705460C
:1089D0000F469146002F5AD105F10E04D5F88E02AC
:1089E00002284AD16068A189884213D96068A189A8
:1089F000401A60602069A189084420616268216989
:108A00002846FFF7C0FC00231A461946284600F006
:108A1000C9F932E0A0896168884217D12068A1892C
:108A2000884213D32068D5F8921288420ED20022D1
:108A300011462846FFF7A7FC0020C5F89202002344
:108A40001A461946284600F0ADF916E095F8960248
:108A500003280BD1D5F8AC02C06838B10020C5F8A6
:108A6000C802D5F8AC02C16828468847802128464C
:108A700000F05BFA2846FFF7B3FC95F89A0260B362
:108A8000284600F0DBFA002085F89A0225E047F03E
:108A900080012846FFF765FC0646FF2E1DD0E6B98B
:108AA00095F89602032818D105F52B7000EB860087
:108AB0000068406988B1C5F8C86205F52B7000EB05
:108AC0008600006842693946284690478046B8F1DA
:108AD000000F02D04046BDE8F0870020FBE72DE9FB
:108AE000F04705460F4691464FF00008002F57D13A
:108AF00005F5A776D5F88E02032877D17068B1897D
:108B0000884214D97068B189401A70603069B1899F
:108B1000084430617068B389984201D9706800E0F8
:108B2000B089024631692846FFF721FC5EE095F8DE
:108B3000A00200F01F0020B1012804D0022812D1A9
:108B400009E0002411E04FF42970415D2846FFF749
:108B50000BFC044609E04FF42970415D2846FFF7FD
:108B600000FC044601E0002400BF00BFA4B995F852
:108B70009602032810D105F52B7000EB84000068E5
:108B8000006948B1C5F8C84205F52B7000EB8400B8
:108B900000680169284688472846FFF743FC25E01E
:108BA00007F07F012846FFF7DCFB0446FF2C1DD0B1
:108BB000E4B995F89602032812D105F52B7000EB65
:108BC00084000068806958B1C5F8C84205F52B706B
:108BD00000EB840000688269394628469047804649
:108BE000B8F1000F02D04046BDE8F0870020FBE757
:108BF00001460020704770B504460025012084F826
:108C00009602D4F8AC0238B16178D4F8AC0242686C
:108C10002046904700B10325284670BD70B5044634
:108C20000D46D4F8BC022946F8F7C5FB70BD00001C
:108C300010B50446207801282BD11748C0F8E0442D
:108C4000C4F8BC02154814490860092008710021C5
:108C50001148C17181710121417200218172C1727B
:108C600001738173C1730174F9F730F808B1F7F734
:108C7000BCFC4FF400710848F8F7AFFA80220021DD
:108C80000548F8F7AFFA4FF4BA7201210248F8F735
:108C9000A9FA002010BD0000DCF801240000044007
:108CA00010B50246D2F8BC3201F08000802809D10C
:108CB00001F07F0000EBC00403F1140000EB84001E
:108CC000807810BD01F07F0000EBC00403F5157043
:108CD00000EB84008078F4E770B504460D46D4F8C4
:108CE000C81204F52B7000EB8100006808B903205E
:108CF00070BD94F89602032813D1D4F8C81204F575
:108D00002B7000EB81000068006A50B1D4F8C812E3
:108D100004F52B7000EB81000068026A29462046AA
:108D200090470020E4E770B504460D46D4F8C81219
:108D300004F52B7000EB8100006808B9032070BDBA
:108D400094F89602032813D1D4F8C81204F52B70B6
:108D500000EB81000068406A50B1D4F8C81204F5F5
:108D60002B7000EB81000068426A2946204690473C
:108D70000020E4E72DE9F04704460F4615461E465D
:108D80004FF00008C146D4F8BC022B4632463946A3
:108D9000F8F71CFB80464046FFF736FD8146484603
:108DA000BDE8F0872DE9F04704460D4616461F46FC
:108DB0004FF00008C146D4F8BC023B463246294673
:108DC000F8F74BFB80464046FFF71EFD81464846BC
:108DD000BDE8F08770B504460025012084F89602AE
:108DE0000020C4F88E02C4F80100C4F89B0284F885
:108DF0009A02D4F8AC0258B1D4F8AC02406838B149
:108E00006178D4F8AC0242682046904700B103254F
:108E10004023002211462046FFF7ACFF012140F21B
:108E20005D100155402104F5A770A4F85A114023A4
:108E3000002280212046FFF79DFF0121617740211C
:108E400004F10E006183284670BD014691F8960238
:108E5000042803D191F8970281F896020020704708
:108E600010B5044694F8960203280BD1D4F8AC024E
:108E700040B1D4F8AC02C06920B1D4F8AC02C169E9
:108E800020468847002010BD0246517300207047DD
:108E90002DE9F04104460D4600260027D4F8BC0217
:108EA0002946F9F78DF806463046FFF7ADFC074630
:108EB0003846BDE8F08170B504460D46294604F5F4
:108EC000287000F07AF80120C4F88E02B4F8A602E7
:108ED000C4F8920294F8A00200F01F0020B101280B
:108EE00009D0022815D10DE004F52871204600F0C4
:108EF0008DF9064616E004F52871204600F024FBA3
:108F000006460FE004F52871204600F0D7F9064622
:108F100008E094F8A00200F08001204600F005F877
:108F2000064600BF00BF304670BD2DE9F041044643
:108F30000D4600260027D4F8BC022946F8F7B0FAFF
:108F400006463046FFF760FC07463846BDE8F0812C
:108F500070B5044600250026D4F8BC02F9F753F892
:108F600005462846FFF750FC0646304670BD0146D0
:108F700091F89602042803D091F8960281F897029E
:108F8000042081F89602002070472DE9F04704463E
:108F90000D4616461F464FF00008C146D4F8BC02E5
:108FA0003B4632462946F8F7C0FA80464046FFF76E
:108FB0002BFC81464846BDE8F08770B505460E4655
:108FC000344620782870641C20786870641C204621
:108FD000FEF7D4F86880641C641C2046FEF7CEF8C7
:108FE000A880641C641C2046FEF7C8F8E88070BDA9
:108FF00038B504460D46002000900DB9032038BD59
:10900000C4F8AC52D4F8C81204F52B7000EB810000
:109010000068C06A58B1D4F8C82204F52B7000EB80
:1090200082000068C16A68468847C4F8C402D4F860
:10903000CC02401CC4F8CC020020E0E7014600202E
:10904000704770B504460D46A88810BBE88800BB81
:10905000688880281DD2A87800F07F0694F89602D0
:10906000032804D129462046FFF799F915E084F832
:10907000986231462046FFF70BFF2046FFF7D2F9F2
:109080001EB1022084F8960207E0012084F89602BF
:1090900003E029462046FFF782F970BD70B504460B
:1090A0000D460026D4F8AC0230B1D4F8AC02026808
:1090B0002946204690470646304670BD70B50446A6
:1090C0000E460025B0783F4908700846007802280F
:1090D00005D931462046FFF762F9032070BD94F8A8
:1090E0009602022802D003285DD120E0354800789E
:1090F000C8B134480078C4F80100324801782046ED
:10910000FFF7CCFF05463DB131462046FFF747F952
:10911000022084F8960209E02046FFF783F9032035
:1091200084F8960202E02046FFF77CF946E02548E5
:10913000007878B9022084F8960222480078C4F8B2
:109140000100204801782046FFF7DEF82046FFF7AF
:1091500069F927E0D4F801001A49097888421ED03D
:1091600061782046FFF7D0F816480078C4F801006F
:10917000144801782046FFF791FF05465DB131465E
:109180002046FFF70CF961782046FFF7BDF8022072
:1091900084F8960206E02046FFF744F902E02046F4
:1091A000FFF740F90AE031462046FFF7F8F8054896
:1091B00001782046FFF7A8F8032500BF00BF284626
:1091C0008CE70000B600002470B505460C466088A8
:1091D000012805D1C5F89B022846FFF723F90EE0C8
:1091E0006088022807D1A088001285F89A022846D4
:1091F000FFF718F903E021462846FFF7D0F870BDC5
:1092000010B504462046FFF7A3FE10BD70B5044616
:109210000D460026287800F0600090B1202802D08A
:10922000402843D100E000BFD4F8C81204F52B70E9
:1092300000EB810000688268294620469047064678
:1092400039E068780A282AD2DFE800F01A24291FBA
:10925000290A0529150F29462046FFF71BF923E0A7
:1092600029462046FFF7EDFE1EE029462046FFF77F
:1092700025FF064618E029462046FFF7E0F813E0F0
:1092800029462046FFF75CFA0EE029462046FFF704
:109290009BFF09E029462046FFF744F804E02946F1
:1092A0002046FFF77CF800BF00BF04E029462046B7
:1092B000FFF775F800BF00BF304670BD2DE9F047DD
:1092C00005460F464FF000093C79387800F0600001
:1092D00008B3202802D040287ED100E000BF2146FC
:1092E0002846FFF73EF80646FF2E13D096B9C5F87C
:1092F000C86205F52B7000EB86000068806848B1F5
:1093000005F52B7000EB8600006882683946284618
:109310009047814614E1787800287CD001282FD02E
:10932000032870D195F89602022802D0032820D194
:1093300010E054B1802C08D021462846FFF7F5FDF7
:1093400080212846FFF7F1FD03E039462846FFF764
:1093500026F813E0788840B93CB1802C05D0F88815
:1093600018B921462846FFF7E0FD2846FFF75AF8CE
:1093700004E039462846FFF712F800BF00BFD8E0E6
:1093800095F89602022802D003283DD110E054B18E
:10939000802C08D021462846FFF7C7FD80212846AB
:1093A000FFF7C3FD03E039462846FEF7F8FF30E03B
:1093B000788830BB04F07F0018B121462846FFF7BB
:1093C000DEFA2846FFF72EF821462846FEF7C9FFA9
:1093D0000646FF2E15D000E0ADE096B9C5F8C8628C
:1093E00005F52B7000EB86000068806848B105F534
:1093F0002B7000EB8600006882683946284690474B
:10940000814606E007E08FE039462846FEF7C7FFB1
:1094100000BF00BF8DE095F89602022802D0032815
:109420007BD127E034B1802C04D039462846FEF7A2
:10943000B6FF77E004F08000802808D104F07F00B8
:1094400000EB800105F10E0000EB810007E004F065
:109450007F0000EB800105F5A77000EB81008046DE
:10946000002088F80E00022208F10E012846FEF7BF
:10947000C4FF57E004F0800080280ED104F00F00F4
:1094800000EB800105F10E0000EB8100C07B98B974
:1094900039462846FEF783FF44E004F00F0000EB56
:1094A000800105F5A77000EB8100C07B20B939462B
:1094B0002846FEF774FF35E004F08000802808D1CC
:1094C00004F07F0000EB800105F10E0000EB81004D
:1094D00007E004F07F0000EB800105F5A77000EBCA
:1094E000810080460CB1802C03D1002088F80E004A
:1094F0000CE021462846FFF7D3FB20B1012088F875
:109500000E0003E009E0002088F80E00022208F1B6
:109510000E012846FEF771FF04E039462846FEF7A3
:109520003EFF00BF00BF04E039462846FEF737FF84
:1095300000BF00BF04E039462846FEF730FF00BFF9
:1095400000BF4846BDE8F0872DE9F04105460E46CC
:109550000027307800F0600030B1202802D0402889
:1095600042D100E000BF00BF95F89602012804D068
:10957000022803D0032830D101E000BF00BF3079BA
:10958000022825D831792846FEF7EEFE0446FF2C46
:1095900016D0ACB905F52B7000EB8400006880682C
:1095A00060B1C5F8C84205F52B7000EB8400006877
:1095B0008268314628469047074602E0032700E0CC
:1095C0000327F08840B93FB92846FEF72BFF03E098
:1095D00031462846FEF7E3FE04E031462846FEF712
:1095E000DEFE00BF00BF04E031462846FEF7D7FE8E
:1095F00000BF00BF3846BDE8F08170470146014812
:1096000070470000C0FD012470B504460B46224699
:109610001978587801282CD140F61C0080581D7804
:1096200005F00F060125B540ADB2284340F61C05F4
:10963000A85002F5106000EB4110006800F40040F3
:10964000F0BB1889C0F30A001D7940EA854040EA62
:10965000815040F0805040F4004002F5106505EB69
:1096600041152D68284302F5106505EB411528606A
:109670002DE040F61C0080581D7805F00F060125EE
:10968000B540144E06EA0545284340F61C05A8508F
:1096900002F5306000EB4110006800F4004078B93A
:1096A0001889C0F30A001D7940EA854040F08050D7
:1096B00040F4004002F5306505EB41152D6800E0EF
:1096C00005E0284302F5306505EB411528600020D0
:1096D00070BD00000000FFFF01460A464FF4106015
:1096E0008058C30ADB024FF41060835040F6040038
:1096F000805840F4807340F6040083500020704787
:109700000FB470B504469DF81900012818D1A06B5C
:1097100020F48030A063E06821490840E060E06800
:1097200020F44010E0609DF82000012803D1E0689B
:1097300040F48010E060204600F036F8054613E063
:10974000E06840F04000E060204600F02DF805465B
:109750009DF81D0020B9A06B40F48030A06303E0A9
:10976000A06B20F48030A0639DF81600012812D170
:10977000E06D80B2E065E06D0A490843E065A068ED
:1097800020F01E00A060A06840F00600A060A06865
:1097900040F02000A060284670BC5DF814FB00007B
:1097A000BFFFBDFF0000EE0308B50146002000909A
:1097B00000BF0098401C00900098B0F1706F01D974
:1097C000032008BD086900F000400028F1D00A20FD
:1097D000009002E00098401E009000980028F9D107
:1097E000086940F00100086100BF0098401C00902B
:1097F0000098B0F1706F01D90320E2E7086900F02A
:1098000001000028F1D100BFDBE7000070B504467D
:109810000B46224619785878012848D102F5106085
:1098200000EB4110006800F00040B0F1004F17D18C
:1098300002F5106000EB4110006840F0006502F591
:10984000106000EB4110056002F5106000EB411064
:10985000006840F0804502F5106000EB41100560A3
:1098600040F63C0080581D7805F00F060125B540F4
:10987000ADB2A84340F63C05A85040F61C00805805
:109880001D7805F00F060125B540ADB2A84340F69E
:109890001C05A85002F5106000EB411000682B4D2C
:1098A000284002F5106505EB411528604BE002F5F4
:1098B000306000EB4110006800F00040B0F1004F54
:1098C00017D102F5306000EB4110006840F00065F0
:1098D00002F5306000EB4110056002F5306000EBEE
:1098E0004110006840F0804502F5306000EB411007
:1098F000056040F63C0080581D7805F00F060125F4
:10990000B540134E06EA0545A84340F63C05A8506D
:1099100040F61C008558187800F00F060120B04072
:109920000B4E06EA0040854340F61C00855002F5C8
:10993000306000EB41100068064D284002F53065AC
:1099400005EB41152860002070BD0000007833EC65
:109950000000FFFF0078F3EF01460A46D2F8000E40
:1099600020F00300C2F8000E40F60400805820F0FA
:10997000020340F6040083500020704701460A4667
:10998000D2F8000E20F00300C2F8000E40F60400EA
:10999000805840F0020340F60400835000207047D6
:1099A0000FB4F0B5054600272E46002405E000213F
:1099B00005F5827040F82410641C0F2CF7D39DF835
:1099C0002200A0B940F60400805940F0020140F6A0
:1099D00004008151A86B20F40010A863286840F0AF
:1099E00040002860286840F08000286003E0A86BF1
:1099F00040F40010A8630020C6F8000E9DF81D007A
:109A000001280CD19DF81B0020B90021284600F048
:109A10004EFD08E00121284600F049FD03E0032146
:109A2000284600F044FD1021284600F046FC00B115
:109A30000127284600F019FC00B1012700214FF44E
:109A400001608151001D815140F61C0081510024AC
:109A50002EE006F5106000EB4410006800F00040B6
:109A6000B0F1004F10D13CB94FF0006106F5106025
:109A700000EB441001600DE04FF0904106F51060DE
:109A800000EB4410016005E0002106F5106000EBDA
:109A900044100160002106F5106000EB44100161E4
:109AA0004FF67F3106F5106000EB44108160641CB6
:109AB0009DF81800A042CCD800242EE006F53060B6
:109AC00000EB4410006800F00040B0F1004F10D1EE
:109AD0003CB94FF0006106F5306000EB44100160C6
:109AE0000DE04FF0904106F5306000EB441001604E
:109AF00005E0002106F5306000EB44100160002114
:109B000006F5306000EB441001614FF67F3106F539
:109B1000306000EB44108160641C9DF81800A04286
:109B2000CCD84FF40160805920F480714FF401606B
:109B300081510020A8616FF0804068619DF81A0093
:109B400018B9A86940F01000A861A8690A4908433B
:109B5000A8619DF81E0018B1A86940F00800A8612E
:109B60009DF82200012803D1A86904490843A8618F
:109B70003846F0BC5DF814FB00383C80040000401F
:109B80000146886820F001008860002070470000CE
:109B900070B503460C4619461D6C1848854209D914
:109BA0004FF43060405800F00040B0F1004F01D158
:109BB000002070BD0026C1F8106BD1F8100B40F4E6
:109BC0000026C1F8106BD1F8100B40F01806C1F850
:109BD000106BD1F8100B40F0C046C1F8106B012C8F
:109BE00009D1C1F8142B4FF43060405840F0802662
:109BF0004FF4306046500020DBE700000A30544F3D
:109C000030B504460B4622461978587801281ED1F3
:109C100002F5106000EB4110006820F4001502F519
:109C2000106000EB411005601879032802D0187904
:109C300002282AD102F5106000EB4110006840F0C4
:109C4000805502F5106000EB411005601DE002F543
:109C5000306000EB4110006820F4001502F5306020
:109C600000EB411005601879032802D0187902280A
:109C70000BD102F5306000EB4110006840F08055D8
:109C800002F5306000EB41100560002030BD30B5BA
:109C900004460B46224619785878012821D102F54E
:109CA000106000EB4110006800F0004060B959B14D
:109CB00002F5106000EB4110006820F0804502F5CD
:109CC000106000EB4110056002F5106000EB4110E0
:109CD000006840F4001502F5106000EB41100560CB
:109CE00020E002F5306000EB4110006800F0004019
:109CF00060B959B102F5306000EB4110006820F006
:109D0000804502F5306000EB4110056002F53060DF
:109D100000EB4110006840F4001502F5306000EBE4
:109D200041100560002030BD2DE9F84381460E4604
:109D300090464D463478707801287DD1306920BB3B
:109D400005F5106000EB44100069E649084005F590
:109D5000106101EB4411086105F5106000EB44103F
:109D6000006940F4002105F5106000EB441001612A
:109D700005F5106000EB44100069C10CC90405F53D
:109D8000106000EB441001616FE005F5106000EB1E
:109D900044100069C10CC90405F5106000EB4410C3
:109DA000016105F5106000EB44100069CD490840E1
:109DB00005F5106101EB4411086194B9B16830698F
:109DC000884201D9B068306105F5106000EB44109D
:109DD000006940F4002105F5106000EB44100161BA
:109DE00035E0B16830690844401EB0FBF1F087B23D
:109DF00005F5106000EB44100069BA49C94301EA57
:109E0000C741084305F5106101EB44110861307941
:109E100001281CD105F5106000EB4410006920F00A
:109E2000C04105F5106000EB4410016105F51060BC
:109E300000EB4410006900E099E04FF0C04101EAF6
:109E40004771084305F5106101EB4411086105F500
:109E5000106000EB441000693169C1F3120108433E
:109E600005F5106101EB44110861B8F1010F36D11D
:109E7000F06928B105F5106000EB4410F16941610B
:109E8000307901281ED140F60800405900F4807056
:109E900060B905F5106000EB4410006840F0005117
:109EA00005F5106000EB441001600BE005F5106053
:109EB00000EB4410006840F0805105F5106000EBA5
:109EC0004410016005F5106000EB4410006840F09C
:109ED000044105F5106000EB44100160FEE005F55B
:109EE000106000EB4410006840F0044105F510607C
:109EF00000EB44100160307901280FD03069002850
:109F0000ECD040F634004059317801F00F020121C5
:109F10009140084340F634014851DFE040F6080024
:109F2000405900F4807060B905F5106000EB4410F2
:109F3000006840F0005105F5106000EB441001602E
:109F40000BE005F5106000EB4410006840F0805114
:109F500005F5106000EB44100160CDF80080308AF8
:109F600083B232784846F16800F01EFBB6E005F592
:109F7000306000EB44100069C10CC90405F5306085
:109F800000EB4410016105F5306000EB44100069FE
:109F90005449084005F5306101EB4411086104BBE8
:109FA000306908B1B0683061B068306205F5306082
:109FB00000EB44100069316AC1F31201084305F552
:109FC000306101EB4411086105F5306000EB44108D
:109FD000006940F4002105F5306000EB4410016198
:109FE00043E03069D0B905F5306000EB44100069FA
:109FF000B168C1F31201084305F5306101EB44116A
:10A00000086105F5306000EB4410006940F4002160
:10A0100005F5306000EB4410016126E0B16830695D
:10A020000844401EB0FBF1F087B2B068784330625C
:10A0300005F5306000EB441000692A49C94301EA84
:10A04000C741084305F5306101EB4411086105F58E
:10A05000306000EB44100069316AC1F3120108431B
:10A0600005F5306101EB44110861B8F1010F07D12A
:10A07000F06828B105F5306000EB4410F1684161EB
:10A08000307901281ED140F60800405900F4807054
:10A0900060B905F5306000EB4410006840F00051F5
:10A0A00005F5306000EB441001600BE005F5306011
:10A0B00000EB4410006840F0805105F5306000EB83
:10A0C0004410016005F5306000EB4410006840F07A
:10A0D000044105F5306000EB441001600020BDE84C
:10A0E000F8830000FFFF07E0FCB503460A460025A1
:10A0F0000195002019469D68C5F340145578012D3F
:10A1000034D1157801F5106606EB45152D6805F07C
:10A110000045B5F1004F28D1157806EB45152D689F
:10A1200045F00067157806EB45152F60157806EBAE
:10A1300045152D6845F08047157806EB45152F60CD
:10A1400000BF019D6D1C0195019DB5F5702F01D9D2
:10A1500001200AE0157801F5106606EB45152D681B
:10A1600005F00045B5F1004FEBD076E09D6925F094
:10A1700080059D615D6905F080053DB940F60405E7
:10A180006D5845F4007640F604056E5094B900BF52
:10A19000019D6D1C0195019DB5F5702F01D9012020
:10A1A00004E05D6905F01005102DF1D100BF1D6AB6
:10A1B000009500BF0025019500BF019D6D1C019514
:10A1C000019DB5F5702F01D9012004E05D6905F00E
:10A1D0008005802DF1D100BF157801F5306606EBC2
:10A1E00045152D6845F00067157806EB45152F607D
:10A1F000157806EB45152D6845F08047157806EB78
:10A2000045152F600025019500BF019D6D1C01952E
:10A21000019DB5F5702F01D9012009E0157801F5F0
:10A22000306606EB4515AD6805F00205022DECD150
:10A2300000BF157801F5306606EB4515AD6845F0B1
:10A240000207157806EB4515AF6040F604056D581A
:10A2500045F4806640F604056E50FCBD01468868F2
:10A2600040F0010088600020704708B501460020DA
:10A27000009000BF0098401C00900098B0F1706FF3
:10A2800001D9032008BD086900F000400028F1D082
:10A29000002000901020086100BF0098401C009032
:10A2A0000098B0F1706F01D90320EBE7086900F066
:10A2B00010001028F1D00020E4E708B50246002085
:10A2C000009000BF0098401C00900098B0F1706FA3
:10A2D00001D9032008BD106900F000400028F1D02A
:10A2E00000200090202040EA8110106100BF0098FB
:10A2F000401C00900098B0F1706F01D90320E9E78D
:10A30000106900F020002028F1D00020E2E710B50D
:10A3100001460B4640F60804E45804F006020AB968
:10A32000002006E0022A01D0062A01D1022000E026
:10A330000F2010BD0146486900F00100704701463A
:10A340000B4640F61800C258001DC058024090B29B
:10A35000704701460B4640F61800C258001DC05811
:10A360000240100C704770B5024613464FF4016668
:10A37000F45840F63406F55801F00F0625FA06F6B3
:10A3800006F0010644EAC61403F5106606EB411612
:10A39000B66806EA040070BD10B50246134603F520
:10A3A000306404EB4114A06840F61404E4582040E3
:10A3B00010BD014648698A69104070472DE9F04197
:10A3C00004460D46274628464FEA920C02F0030346
:10A3D00000210AE04FF4805858F80780C0F8008048
:10A3E000401C401C401C401C491C6145F2D39BB1E1
:10A3F00000214FF4805858F8076000BF4FEAC108A9
:10A4000026FA08F880F80080491C401CA3F10108D6
:10A410001FFA88F3002BF1D1BDE8F08170B5044636
:10A420000E460025E06820F0C040E060012E10D10B
:10A43000E06840F00050E06000BF0A20F6F77EF9C7
:10A440000A352046FFF776FF012815D0C82DF4D332
:10A4500012E07EB9E06840F08040E06000BF0A2072
:10A46000F6F76CF90A352046FFF764FF20B1C82DD6
:10A47000F5D301E0012070BDC82D01D10120FAE71C
:10A480000020F8E710B502460B461146D1F8000847
:10A4900020F4FE60C1F80008D1F800084FF4FE6413
:10A4A00004EA03142043C1F80008002010BD02464E
:10A4B0001346D3F800080843C3F80008002070478B
:10A4C00030B503461446022C49D12D48814204D3AD
:10A4D0002C48814201D20F2245E02A48814204D310
:10A4E0002948814201D20E223DE02748814204D30F
:10A4F0002648814201D20D2235E02448814204D30E
:10A500002348814201D20C222DE02148814204D30C
:10A510002048814201D20B2225E01E48814204D30B
:10A520001D48814201D20A221DE01B48814204D30A
:10A530001A48814201D2092215E01848814204D309
:10A540001748814201D208220DE01548814204D308
:10A550001448814201D2072205E0062203E00CB92B
:10A56000092200E00922D86820F47050D860D86829
:10A570004FF4705505EA82252843D860002030BD8D
:10A58000C0ACD800C0E1E4000024F40080730601F0
:10A59000A0491A01002D310140A44C0100366E0182
:10A5A00020ABA6010048E8012DE9F04304460D4622
:10A5B0001E46DDF81CC0A0462946BCF1000F12D192
:10A5C000F01C870800230CE0D1F8009008F58050BB
:10A5D00000EB0230C0F80090491C491C491C491C82
:10A5E0005B1CBB42F0D30020BDE8F08300BFFEE758
:10A5F00002480068C0F30220704700000CED00E044
:10A6000010B5002804DB0A07130E054A135406E0B0
:10A610000A07140E034A00F00F031B1FD45410BD89
:10A6200000E400E018ED00E0014609B900207047A1
:10A63000C8B220B1C8B20E4A105C401CF7E701F462
:10A640007F4028B10A48C1F30722805C0930EEE759
:10A6500001F47F0028B10648C1F30742805C113045
:10A66000E5E7034800EB116000781930DFE70000F0
:10A670004CF8000802E008C8121F08C1002AFAD1ED
:10A6800070477047002001E001C1121F002AFBD172
:10A69000704700002DE9FC5F04468B4615461E46B8
:10A6A000DDE90C9ADDE90E7804F1140040600060E9
:10A6B00000BF1C346560A660C4F80C90C4F810A0FC
:10A6C0002321D4E9030203F0A3FFD4E9033C63444C
:10A6D0001A1F0F4BD4E9010103F002FE2060A77698
:10A6E00067760020E061C4F82080C4F824806061AF
:10A6F00020766065A0651C3C00902346054A2146F3
:10A70000019004F1440004F06AFC0020BDE8FC9FC5
:10A71000C5EB0008F1ED00082DE9F04704460E46B0
:10A7200017469846DDF8209084F80990607A20F06A
:10A7300001006072E66127620020A062C4F82480F4
:10A74000002506E004F1140101EBC50003F05FFEF3
:10A750006D1C012DF6DBBDE8F08770B505460024C1
:10A7600006E005F1140101EBC40003F091FE641C46
:10A77000012CF6DB70BD70B50446F5F7ADFD05465E
:10A78000206F10B12046216F88472846F5F7A8FDB5
:10A7900070BD04E000F004F8012004F00CFAF9E7C1
:10A7A000F8B5FE4890F89D0830B9FD4800790428B6
:10A7B00002D10020FA490871F948007904283ED1F5
:10A7C000F848D0F80300F849884201D9084602E069
:10A7D000F448D0F80300F349C1F80300F348007BC4
:10A7E000F0B9F248407BD8B9F048807BC0B9EF4857
:10A7F000C07BA8B9ED48007C90B9EC48407C78B9A2
:10A80000EB4890F8200058B9E94890F8210038B991
:10A81000E74890F8220018B9E54890F8230070B195
:10A82000E048D0F8030047F23051884201D9084689
:10A8300002E0DC48D0F80300DA49C1F80300D84848
:10A840000079022810D1D64890F83300D44991F805
:10A850003410884202D00320D1490871D04890F8C2
:10A860003300CF4981F83400CE48C07AD1494978C5
:10A87000012900D100E00021084080B1C84890F8CB
:10A880003300C74991F83410884202D00320C449EC
:10A890000871C34890F83300C14981F83400C048BA
:10A8A0004079022870D14AF65520C3490880182003
:10A8B000887043F24E50A1F80300BA480088000A9D
:10A8C000B849097800EB0120BB49A1F80700B54859
:10A8D00080784872B348D0F80300000EB149D1F82F
:10A8E000031001F47F0100EB1120AE49B1F8031011
:10A8F00001F47F4100EB0120AA49C97800EB016017
:10A90000AD49C1F80D00A748407AC872A548807AC1
:10A910008872A348008D000AA14991F8281000EB25
:10A920000120A549A1F805000846B0F80300000A77
:10A930000A46D27800EB022081B29F4803F04EFA1B
:10A94000040A9D48B0F80300000A9B4AD27800EB45
:10A95000022081B2984803F041FA04EB002081B252
:10A960009648A0F8331E9448B0F80300000A924AB3
:10A97000D27800EB022081B28F4804F027FC00203F
:10A980008749487173E0FFE78548407903286ED115
:10A990004AF655208A4908801820887043F24E50A4
:10A9A000A1F803007F480088000A7E49097800EB7F
:10A9B00001208349A1F807007A48807848727948D5
:10A9C000D0F80300000E7749D1F8031001F47F019D
:10A9D00000EB11207349B1F8031001F47F4100EB43
:10A9E00001207049C97800EB01607549C1F80D007C
:10A9F0006C48407AC8726B48807A88726848008DCB
:10AA0000000A674991F8281000EB01206C49A1F871
:10AA100005000846B0F80300000A0A46D27800EBA9
:10AA2000022081B2664803F0D9F9040A6448B0F8FC
:10AA30000300000A624AD27800EB022081B260482B
:10AA400003F0CCF904EB002081B25E48A0F8331E7D
:10AA50005B48B0F80300000A594AD27800EB0220A4
:10AA600081B2574804F0B2FB00204D4948714C4870
:10AA7000007903287DD102204E49487004F05CFB28
:10AA8000514C4AF6552020804FF44060A4F8030052
:10AA90004348D0F82F00000E4149D1F82F1001F49F
:10AAA0007F0100EB11203E49B1F82F1001F47F41E6
:10AAB00000EB01203A4991F82F1000EB0160C4F837
:10AAC00006001420A070B4F80300000AE27800EB3E
:10AAD000022081B2204603F081F9060AB4F803008F
:10AAE000000AE27800EB022081B2204603F076F9FA
:10AAF00006EB00206081B4F80300000AE27800EB66
:10AB0000022081B2204604F061FB264991F87C11B5
:10AB100001F10A0004F04FF8002021494875C1F8FE
:10AB2000160000BF10E01F49098801228240114031
:10AB300041B11B494A7D0D3188540D39497D491C6D
:10AB4000174A5175411CC8B21028ECDB4AF6552053
:10AB5000194908801220887043F24E50A1F8030072
:10AB600010480088000A0F49097800EB01201249BB
:10AB700000E07BE1A1F807000A48807848720948A4
:10AB8000D0F80300000E0749D1F8031001F47F014B
:10AB900000EB11200349B1F8031017E01A1C01243F
:10ABA000D4060024971A0124A0860100FCE20124A7
:10ABB0008D940124FFE301240907002409470024A0
:10ABC0003E5500243E95002473A3002401F47F41E8
:10ABD00000EB0120D049C97800EB0160CF49C1F8F2
:10ABE0000D00CD48407AC872CB48807A8872CC4834
:10ABF000407D42F2107191FBF0F0C949497D484314
:10AC000085B2C748407D4000C549C1F823000020F7
:10AC1000C4490880A2E0C348008828B144F63562E0
:10AC2000BE49C148F5F7F2FB012003F0C4FFBC4860
:10AC3000D0F82F00BA49D1F82310401AB0EB450FD5
:10AC400019D968000090B648D0F82330B34A1332BF
:10AC50000621EB20FCF71CF8B148D0F8230000EBEC
:10AC60004500AF49C1F82300280A00EB0520AB4995
:10AC7000A1F805003BE0AA48D0F82F00A849D1F878
:10AC80002310401A0090A648D0F82330A34A13326C
:10AC90000621EB20FBF7FCFFA148D0F82F00A049CC
:10ACA000D1F82310401A40089D49497DB0FBF1F0CE
:10ACB0009B49497D4843C0F307219948D0F82F00AC
:10ACC000974AD2F82320801A4008954A527DB0FB5B
:10ACD000F2F0934A527D504301EB00208F49A1F8D6
:10ACE00005008F48D0F82F008D49C1F823008D480A
:10ACF000008850B38C48B0F80300000A8A4AD27822
:10AD000000EB022081B2884803F068F8060A864802
:10AD1000B0F80300000A844AD27800EB022081B226
:10AD2000814803F05BF806EB002081B27F48A0F871
:10AD3000331E7D48B0F80300000A7B4AD27800EB4E
:10AD4000022081B2784804F041FA734991F87C11ED
:10AD5000C81C03F030FF0120724908807048D0F809
:10AD600023006F49D1F82F108842FFF454AF6D488B
:10AD70000088012836D144F6356268496A48F5F7FB
:10AD800045FB6948B0F80300000A674AD27800EB37
:10AD9000022081B2644803F021F8060A6248B0F844
:10ADA0000300000A604AD27800EB022081B25E48BC
:10ADB00003F014F806EB002081B25C48A0F8331EC3
:10ADC0005948B0F80300000A574AD27800EB022035
:10ADD00081B2554804F0FAF94F4991F87C11481DA9
:10ADE00003F0E9FE4C4991F87C11481D03F0E3FEA5
:10ADF000494991F87C1101F10A0003F0DCFE4AF6A2
:10AE0000552020804FF44060A4F803001520A07066
:10AE100000206071B4F80300000AE27800EB022021
:10AE200081B2434802F0DAFF060AB4F80300000AD0
:10AE3000E27800EB022081B23D4802F0CFFF06EB42
:10AE400000206081B4F80310394804F0BFF932499A
:10AE500091F87C11481C03F0AEFE002030490871C7
:10AE600001203449487004F067F900BF2C4800798C
:10AE700002284FD12A48B0F80900B0F5FA7F49DD21
:10AE800000202749A1F80900294C4AF65520641CE6
:10AE900024F8010C132060704FF4706060801E482D
:10AEA0000088000A1C49097800EB0120A0801A489C
:10AEB0008078A0711848807AE0711748407A207233
:10AEC0001748807960721648C079A0721448007AD9
:10AED000E0726088000AA27800EB022081B2601E56
:10AEE00002F07CFF050A6088000AA27800EB0220CD
:10AEF00081B2601E02F072FF05EB0020A081608825
:10AF0000000AA278641E00EB022081B2204604F001
:10AF10005DF900BFF8BD0000971A0124090700245D
:10AF2000D4060024120000243E5500243E9500243F
:10AF300073A30024FFE301241C48007902282FD1C9
:10AF40001A48B0F80900401C1849A1F80900084641
:10AF5000B0F80B00401CA1F80B000846B0F80B003D
:10AF6000B0F57A7F20DB0020A1F80B000846007ABC
:10AF7000401C08720846007A3C2805DB0020087255
:10AF80000846C079401CC8710848C0793C280BDBD2
:10AF900000200649C87108468079401C887103E08A
:10AFA00000200249A1F8090070470000D4060024DF
:10AFB00030B50F4CD4F803204FF47A720D4CB4FB2B
:10AFC000F2F0010C4C1CB0FBF4F0441E0A4D2D684D
:10AFD000EC62094C2468A162054CB4F87D31074C41
:10AFE000B4FBF3F4641E064D2D68EC6230BD000026
:10AFF000971A0124001C4E0E3C06002440420F000C
:10B0000088060024F0B50446059DA61A5F1A7E4303
:10B01000AF1A96FBF7F67018F0BDF0B505460C4672
:10B02000022C01DA0020F0BD601E295CA01E285C05
:10B0300001EB002087B22146284602F0CFFE0646EB
:10B04000B74201D10120EEE70020ECE72DE9F04FF7
:10B0500087B000248DE3F948005D30B90021F7483E
:10B06000001D00EB8400016081E3F548B0F87D61CC
:10B0700004EB8401103000EB4100078804EB8401ED
:10B08000EF48103000EB41008088069004EB84010B
:10B09000EB48103000EB4100B0F808A004EBC4010D
:10B0A000E748EC300844D0F80100059004EBC401F7
:10B0B000E348EC300844D0F80500049004EBC401E8
:10B0C000E0480844D0F80100039004EBC401DD48D7
:10B0D0000844D0F805B004EBC401DA482438405CD9
:10B0E000029004EBC401D748405C0190029801280B
:10B0F00023D10198012820D104EB8402D0491031DA
:10B1000001EB4201CDF800B04888DDE90332059932
:10B11000FFF778FF1FFA80F804EB8402C84910316A
:10B1200001EB4201CDF800B0C888DDE90332059992
:10B13000FFF768FF1FFA80F917E004EB8401C048AD
:10B14000103000EB41004088000441F2883190FB50
:10B15000F1F804EB8401BA48103000EB4100C088DC
:10B16000000441F2883190FBF1F9B448005D0128F8
:10B1700003D0B248005DFF2806D1B048001D00EBA7
:10B180008400C0F80080F1E2AC48005D02287DD167
:10B190003CBBAD48784390FBF6F0A849203901EB61
:10B1A000840109680844A549203901EB840108603D
:10B1B000A248203800EB84000068A349B0FBF1F2FC
:10B1C00001FB12009D49203901EB840108609B4876
:10B1D000203800EB840000684FF47A71B0FBF1F581
:10B1E00062E004EB84019648103000EB41000088D7
:10B1F0009349098A88422ED19048203890F820003F
:10B20000022828D190480AFB00F04FF4B47190FB5B
:10B21000F1F08A492039096808448849203901EB4E
:10B22000840108608548203800EB84000068864966
:10B23000B0FBF1F201FB12008049203901EB8401DF
:10B2400008607E48203800EB840000684FF47A7173
:10B25000B0FBF1F528E07C48784390FBF6F07749A5
:10B26000203901EB8401096808447449203901EB55
:10B27000840108607148203800EB8400006872493E
:10B28000B0FBF1F201FB12006C4900E01CE0203938
:10B2900001EB840108606948203800EB84000068F5
:10B2A0004FF47A71B0FBF1F5684931F8151001FBE4
:10B2B00008F0C11700EB114109EB21425F49091D5C
:10B2C00001EB84010A6051E25C48005D03287DD1F6
:10B2D000F4BB96FBF7F15948103800EB840001608D
:10B2E0005648203800EB84000068401C5349203940
:10B2F00001EB840108605148203800EB84000168AC
:10B300004E48103800EB84000068B1FBF0F200FBFF
:10B3100012104A49203901EB84010860474820385F
:10B3200000EB840001684548103800EB8400006899
:10B33000B1EB500F11D24148203800EB8400006877
:10B340004FF4FA6148433D49103901EB840100E0B4
:10B3500025E00968B0FBF1F5ECE03848203800EB57
:10B36000840001683548103800EB84000068814291
:10B37000F2D23248103800EB840000682F4920399F
:10B3800001EB84010968401A4FF4FA6148432B49E4
:10B39000103901EB84010968B0FBF1F5CAE004EB58
:10B3A00084012748103000EB410000882449098AB5
:10B3B000884264D12148203890F8200003285ED1CB
:10B3C0001E482038006900FB0AF000E0C0E04FF49E
:10B3D000B471B0FBF1F019492039096808441749E4
:10B3E000203901EB840108601448203800EB840008
:10B3F0000068124920390969B0FBF1F201FB120023
:10B400000E49203901EB840108600C48203800EB1C
:10B4100084000068094920390969B0EB510F17D23F
:10B420000648203800EB840000684FF4FA61484376
:10B43000024920390969B0FBF1F57BE0AD940124A4
:10B44000971A0124A71B012420A1070054F2000829
:10B45000CB4800EB84000068C9490969884269D279
:10B46000C7480069C64901EB84010968401A4FF4D6
:10B47000FA614843C2490969B0FBF1F55AE096FB0D
:10B48000F7F1BF48103000EB84000160BC4800EBCE
:10B4900084000068401CBA4901EB84010860B84888
:10B4A00000EB84000168B648103000EB84000068AF
:10B4B000B1FBF0F200FB1210B14901EB840108600E
:10B4C000AF4800EB84000168AD48103000EB840009
:10B4D0000068B1EB500F0ED2A94800EB8400016860
:10B4E0004FF4FA604143A648103000EB8400006836
:10B4F000B1FBF0F51EE0A24800EB84000168A04813
:10B50000103000EB84000068814213D29C48103058
:10B5100000EB840000689A4901EB84010968401A35
:10B520004FF4FA6148439649103101EB84010968F0
:10B53000B0FBF1F505FB08F04FF47A71B0FBF1F0C8
:10B5400000EB09018E48243000EB840001600DE11E
:10B550008B482030005D04287ED1CCBB96FBF7F1F0
:10B560008748103000EB84000160854800EB8400C0
:10B570000068401C824901EB84010860804800EBB0
:10B58000840001687E48103000EB84000068B1FB45
:10B59000F0F200FB12107A4901EB8401086004EB21
:10B5A0008401784800EB410080887549103101EB37
:10B5B00084010968484342F21071B0FBF1F0704910
:10B5C00001EB84010968884203D94FF47A7584E05D
:10B5D00001E0002581E004EB84016A4800EB4100B2
:10B5E000008868491039098A88423BD1644890F83C
:10B5F0002000042836D16248006900FB0AF04FF4AD
:10B60000B471B0FBF1F05E49096808445C4901EB94
:10B61000840108605A4800EB8400006858490969B1
:10B62000B0FBF1F201FB1200554901EB8401086007
:10B6300004EB8401534800EB4100808850490969BC
:10B64000484342F21071B0FBF1F04D4901EB840127
:10B650000968884204D900E04DE04FF47A753CE077
:10B6600000253AE096FBF7F14548103000EB8400E6
:10B670000160434800EB84000068401C404901EB36
:10B68000840108603E4800EB840001683C481030AB
:10B6900000EB84000068B1FBF0F200FB12103849A7
:10B6A00001EB8401086004EB8401364800EB4100A3
:10B6B00081883348103000EB84000068414342F237
:10B6C0001070B1FBF0F02E4901EB8401096888424B
:10B6D00002D94FF47A7500E0002505FB08F04FF41D
:10B6E0007A71B0FBF1F000EB09012548243000EB42
:10B6F000840001603AE022482030005D052835D101
:10B700001F4800EB84000068401C1D4901EB8401C8
:10B7100008601B4800EB840000684FF47A71B0FBAE
:10B72000F1F201FB1200164901EB84010860144894
:10B7300000EB840001681448B0F8540EB1FBF0F23D
:10B7400000FB12100E4901EB840108600C4800EB6D
:10B75000840001680A48343000EB4100008800EBA7
:10B7600009010748243000EB8400016000BF601C21
:10B77000C4B2042CFFF66FAC07B0BDE8F08F000038
:10B780008D940124A71A01248DD4012410B54048BA
:10B7900090F8200060B93E4890F8210040B93C483C
:10B7A00090F8220020B93A4890F8230000286DD084
:10B7B000FFF74CFC00224FF480613648F5F79EF904
:10B7C0000820354908703248808C000A487030489B
:10B7D00090F824008870012303223048F9F757FBC2
:10B7E000012291022B48F5F789F900224FF480617C
:10B7F0002848F5F783F90A20274908702448008D66
:10B80000000A4870224890F828008870012303221B
:10B810002248F9F73CFB012291021E48F5F76EF928
:10B8200000224FF480611B48F5F768F90C201A4993
:10B8300008701748808D000A4870154890F82C0051
:10B840008870012303221548F9F721FB0122910298
:10B850001048F5F753F900224FF480610D48F5F7D1
:10B860004DF90E200C4908700948008E000A4870F6
:10B87000074890F830008870012303220748F9F741
:10B8800006FB012291020348F5F738F910BD0000CC
:10B890008D94012400000258E8E2012418030024DA
:10B8A00010B59448827A4FF400619348F5F726F971
:10B8B0009048C27A4FF480518F48F5F71FF98F48AE
:10B8C000407A00F001024FF400718D48F5F716F947
:10B8D0008C480088401C8B490880084600886428F2
:10B8E0007EDD0020088000BFFFE082490C31095C4A
:10B8F00061B90A227F49763101EB80010A60012299
:10B900007C49BE3101EB80010A60ECE079498E315F
:10B9100001EB80010968002974D07649BE3101EB42
:10B920008001096801292FD17249763101EB80012C
:10B930000A6800EB40037149383101EB4301098883
:10B940008A4216D36B498E3101EB80010A6869493E
:10B95000A63101EB80010968521A6649D63101EB24
:10B9600080010A6000226349BE3101EB80010A6058
:10B970000AE060498E3101EB800109684A085D499F
:10B98000D63101EB80010A605A49A63101EB8001F2
:10B990000A685849D63101EB800109688A423DD2D4
:10B9A0005449763101EB80010A6800EB40035349AA
:10B9B000383101EB430189888A4214D94D497631E7
:10B9C00001EB80010A6800EB40034C49383101EB80
:10B9D00043018988521A4749763101EB800100E022
:10B9E00086E00A6005E00A224249763101EB8001D7
:10B9F0000A604049763101EB800109680A2902D2C8
:10BA00000A2105E03DE03B49763101EB8001096800
:10BA1000384A763202EB8002116064E035497631B3
:10BA200001EB80010A6800EB40033449383101EB37
:10BA3000430189880A442F49763101EB80010A606D
:10BA40002C49763101EB80010A6800EB40032B4959
:10BA5000383101EB430109888A4207D900EB4002E3
:10BA60002649383101EB4201098804E02149763149
:10BA700001EB800109681F4A763202EB80021160F7
:10BA800031E000EB40021D49383101EB42010A88E8
:10BA90001849763101EB80010A601649763101EBD5
:10BAA0008001096841F28832914200D904E01149CD
:10BAB000763101EB80010A680E49763101EB800195
:10BAC0000A600C49763101EB8001096809B901224D
:10BAD00004E00849763101EB80010A6805497631B6
:10BAE00001EB80010A60411CC8B20628FFF6FDAEDA
:10BAF00010BD0000FCE2012400000258971A012446
:10BB0000000C02581400002410B51748007808B142
:10BB1000002010BD72B601201349087062B60022E1
:10BB200010211248F4F7EAFF00201149087048700C
:10BB3000012302220F48F9F7AAF9012305220E4931
:10BB40000C48F8F7C7FF012210210848F4F7D6FF88
:10BB500009480079094981F8330072B6002002498A
:10BB6000087062B60120D4E72F00002400000258BC
:10BB70002D0000249002002428000024D406002474
:10BB800010B51548007808B1002010BD72B601202C
:10BB90001149087062B6002210211048F4F7AEFF78
:10BBA00080200F49087000204870012302220D48B0
:10BBB000F9F76DF901230C220B490A48F9F767F9E7
:10BBC000012210210548F4F799FF72B600200249BE
:10BBD000087062B60120D8E72F0000240000025848
:10BBE0002D00002490020024FFE3012410B54FF43F
:10BBF000C2720021CC48F4F719FDCB48D0F87F0180
:10BC0000CA4988427ED00846C749C1F87F01FF2053
:10BC10000880C748C1F803004FF49670A1F80700E8
:10BC20000020C87200BF2FE0002200EBC003BE4915
:10BC30005C31CA5400EBC0031944C1F8012000EB89
:10BC4000C003B9495C311944C1F8052000EBC003B9
:10BC5000B549A431CA5400EBC0031944C1F801200E
:10BC600000EBC003B049A4311944C1F80520B14A22
:10BC7000B14901EB80010A600022AF49203101EB9C
:10BC800080010A60411CC8B20828CDDB002052E0C8
:10BC90000A2200EB8003A449103101EB43010A8022
:10BCA00040F6B83200EB80039F49103101EB4301AD
:10BCB0004A8041F2883200EB80039B49103101EB4E
:10BCC00043018A804FF47A7200EB80039649103169
:10BCD00001EB4301CA805A21414300EB8003924AA1
:10BCE000103202EB43021181002200EBC0039249A3
:10BCF0004839CA5400EBC0031944C1F8012000EBD5
:10BD0000C00300E049E08C4948391944C1F80520D6
:10BD100000EBC00388492439CA5400EBC00319441E
:10BD2000C1F8012000EBC003834924391944C1F84C
:10BD30000520411CC8B20428AADB32207A490882B7
:10BD400044F62060A1F87D01002019E04FF47A72DA
:10BD500000EB40037449383101EB43010A8000EBEA
:10BD600040037149383101EB43014A80012200EB65
:10BD700040036D49383101EB43018A80411CC8B250
:10BD80000628E3DB0520684981F87C01642002F085
:10BD900012FF00F0DBF8FFF729FF6348D0F803003B
:10BDA0006649884201D9084602E05F48D0F803009E
:10BDB0005D49C1F803000846D0F8030008B9012026
:10BDC00002E05948D0F803005749C1F8030008467B
:10BDD000B0F87D0142F21071884201DD084602E0B0
:10BDE0005148B0F87D015049A1F87D010846B0F8EE
:10BDF0007D01B0F57A7F02DA4FF47A7002E04A48AA
:10BE0000B0F87D014849A1F87D0100201CE000EB5D
:10BE100080024549103101EB42010988B1F57A7F72
:10BE200002DD4FF47A7106E000EB80023E491031EA
:10BE300001EB4201098800EB80033B4A103202EB20
:10BE400043021180411CC8B20428E0DB002067E0F7
:10BE500000EB40023449383101EB4201898809B9CD
:10BE6000012106E000EB40022F49383101EB42018D
:10BE7000898800EB40032C4A383202EB4302918060
:10BE800000EB40022849383101EB4201098809B929
:10BE9000012106E000EB40022349383101EB420169
:10BEA000098800EB4003204A383202EB430211803C
:10BEB00000EB40021C49383101EB4201098842F293
:10BEC0001072914201DD114606E000EB4002164976
:10BED000383101EB4201098800EB4003124A383245
:10BEE00002EB4302118000EB40020F49383101EBB5
:10BEF00042014988B1F57A7F02DD4FF47A7106E09C
:10BF000000EB40020849383101EB4201498800EB5F
:10BF10004003054A383202EB43025180411CC8B24B
:10BF2000062895DB10BD0000971A0124010030009F
:10BF300020A10700A0860100CB1B012430C8070008
:10BF400000BF011EA0F10100FBD1704710B54FF4F6
:10BF5000C27200210148F4F78FFB10BD971A01242B
:10BF6000421ED0B2634A125C634B1B5C0BB90123C7
:10BF700000E000231A407AB15E4A823202EB80026E
:10BF800013685C4A9A3202EB8002136001225B4B19
:10BF90001A5400220B685A62564A125C9AB94CF243
:10BFA0004F33544A0A3202EB800213606423514A31
:10BFB000223202EB8002136000234E4A3A3202EB37
:10BFC0008002136082E04B4A9A3202EB80021268D0
:10BFD00032B9484A823202EB80021268002A54D1F8
:10BFE000444A9A3202EB80021368424A9A3202EBC8
:10BFF000800212680AB1012200E000229B1A3D4A29
:10C000009A3202EB800213603A4A6A3202EB8002F3
:10C0100012683B4B1B68B3FBF2F3364A0A3202EB61
:10C0200080021360334A0A3202EB80021268130C5A
:10C03000304A223202EB800213602E4A0A3202EBAF
:10C04000800213682B4A223202EB80021268521CD3
:10C05000B3FBF2F3274A0A3202EB8002136000EBD3
:10C060004003284A02EB43025288224B0A3303EB77
:10C0700080031B685A434FF47A73B2FBF3F31D4AF3
:10C080003A3202EB8002136020E01C4A125C2AB1B3
:10C090000023184A13540022184B1A544CF24F3301
:10C0A000144A0A3202EB800213606423114A2232DE
:10C0B00002EB8002136000230E4A3A3202EB800248
:10C0C000136001220B4B0C3B83F8EE20094A22320D
:10C0D00002EB800212680B689A62064A0A3202EB8F
:10C0E000800212680B68DA62024A125C024B1A5430
:10C0F0007047000008E301241C00002422000024F3
:10C1000018000024CF1A012470B505462C4660792A
:10C11000082800DD70BD607900B9FBE7244800798C
:10C12000FF2800D0F6E700216079401E00EBC00236
:10C13000204881546079401E00EBC0021D48104425
:10C14000C0F805106079401E00EBC0021948104489
:10C15000C0F801106079401E00EBC002154848305D
:10C1600081546079401E00EBC002124848301044F0
:10C17000C0F805106079401E00EBC0020D48483041
:10C180001044C0F801100C4A6079401E0949D831AA
:10C1900001EB8000026000226079401E203101EB3B
:10C1A00080000260FFF7D2FEFFF720FD00BFB1E77D
:10C1B000D4060024F31A0124A086010070B50546B8
:10C1C0002C466079042800DD70BD607900B9FBE77A
:10C1D0006079401E1D49085CFF2800D0F4E700216B
:10C1E0006079401E00EBC002194881546079401EFE
:10C1F00000EBC0021648243081546079401E00EBE9
:10C20000C00213481044C0F801106079401E00EBD2
:10C21000C0020F4824301044C0F801106079401E5D
:10C2200000EBC0020A481044C0F805106079401EB7
:10C2300000EBC002064824301044C0F80510FFF798
:10C2400085FEFFF7D3FC00BFBEE70000AD940124DC
:10C25000831B012470B5784C4AF6552020804FF49A
:10C260009E40A4F803002820A0700020BDE000EB51
:10C27000C00272498A5C00EBC003611DCA5400EB26
:10C28000C0026E491144D1F805100A0E00EBC0033C
:10C290006A491944D1F8051001F47F0102EB11221B
:10C2A00000EBC00365491944B1F8051001F47F4162
:10C2B00002EB012200EBC00360491944497902EB0B
:10C2C000016200EBC003611D1944C1F8052000EBB9
:10C2D000C0025A491144D1F801100A0E00EBC00304
:10C2E00056491944D1F8011001F47F0102EB1122E3
:10C2F00000EBC00351491944B1F8011001F47F412A
:10C3000002EB012200EBC0034C491944497802EBCF
:10C31000016200EBC003611D1944C1F8012000EB6C
:10C32000C002464924318A5C00EBC00304F12901B4
:10C33000CA5400EBC002414924311144D1F8051020
:10C340000A0E00EBC0033D4924311944D1F8051011
:10C3500001F47F0102EB112200EBC00337492431C5
:10C360001944B1F8051001F47F4102EB012200EB02
:10C37000C003324924311944497902EB016200EBD0
:10C38000C00304F129011944C1F8052000EBC002E3
:10C390002A4924311144D1F801100A0E00EBC003E0
:10C3A000264924311944D1F8011001F47F0102EB30
:10C3B000112200EBC003214924311944B1F80110C6
:10C3C00001F47F4102EB012200EBC0031B49243141
:10C3D0001944497802EB016200EBC00304F1290122
:10C3E0001944C1F80120411CC8B20428FFF63FAF30
:10C3F00034F8030F000A227800EB022081B20E48C5
:10C4000001F0ECFC050A2088000A227800EB0220EB
:10C4100081B2094801F0E2FC05EB0020A4F84A00D3
:10C420002088000A14F8032900EB022081B2024898
:10C4300002F0CCFE70BD000067A50024831B012420
:10C4400001460846094A127932B98279012A0CD18B
:10C45000FF22064B1A7108E0044A1279FF2A04D120
:10C46000827912B90022014B1A717047D406002458
:10C4700070B5394C4AF65520641C24F8010C022092
:10C4800060704FF4C050608034480088000A33491F
:10C49000097800EB0120A08030488078A0712F48F7
:10C4A000807AE0712D48407A20722C48807B60723F
:10C4B0002A48D0F80300000E2849D1F8031001F4EF
:10C4C0007F0100EB11202549B1F8031001F47F41F1
:10C4D00000EB01202149C97800EB0160C4F80A0093
:10C4E0001E488089000A1D49097B00EB0120E0817C
:10C4F000002040001949B1F8071001F47F4100EB1A
:10C5000001201649C97900EB016020611348C07A07
:10C5100020756088000AA27800EB022081B2601EBC
:10C5200001F05CFC050A6088000AA27800EB02209A
:10C5300081B2601E01F052FC05EB0020A4F815004A
:10C540006088000AA278641E00EB022081B22046B7
:10C5500002F03CFE70BD000067A50024971A01247C
:10C5600070B5B34C4AF6552020804FF46540A4F8CE
:10C5700003005020A070AF480079FF2801D10120AE
:10C5800000E000206071002008E100EBC002AA4931
:10C590008A5C00EBC003A11DCA5400EBC002A6498F
:10C5A0001144D1F801100A0E00EBC003A24919444E
:10C5B000D1F8011001F47F0102EB112200EBC0035E
:10C5C0009D491944B1F8011001F47F4102EB0122A9
:10C5D00000EBC00398491944497802EB016200EB73
:10C5E000C003A11D1944C1F8012000EBC00292490B
:10C5F0001144D1F805100A0E00EBC0038E4919440E
:10C60000D1F8051001F47F0102EB112200EBC00309
:10C6100089491944B1F8051001F47F4102EB012268
:10C6200000EBC00384491944497902EB016200EB35
:10C63000C003A11D1944C1F8052000EBC0027E49CA
:10C6400048318A5C00EBC00304F14E01CA5400EB90
:10C65000C002794948311144D1F801100A0E00EBAB
:10C66000C003754948311944D1F8011001F47F0124
:10C6700002EB112200EBC0036F4948311944B1F8B5
:10C68000011001F47F4102EB012200EBC0036A4973
:10C6900048311944497802EB016200EBC00304F110
:10C6A0004E011944C1F8012000EBC0026249483133
:10C6B0001144D1F805100A0E00EBC0035E49483161
:10C6C0001944D1F8051001F47F0102EB112200EBAF
:10C6D000C003594948311944B1F8051001F47F41AC
:10C6E00002EB012200EBC003534948311944497958
:10C6F00002EB016200EBC00304F14E011944C1F8E2
:10C7000005204D49D83101EB800109680A0E4A49DC
:10C71000D83101EB8001096801F47F0102EB11229D
:10C720004549D83101EB8001098801F47F4102EBD2
:10C7300001224149D83111F8201002EB016204F1C5
:10C74000960101EB80010A603B49F83101EB800161
:10C7500009680A0E3849F83101EB8001096801F4D3
:10C760007F0102EB11223449F83101EB8001098885
:10C7700001F47F4102EB01222F49F83111F820101A
:10C7800002EB016204F1B60101EB80010A602B4962
:10C790000A5C04F1D6010A54411CC8B20828FFF60D
:10C7A000F4AE25485C38D0F87F01000E22495C3990
:10C7B000D1F87F1101F47F0100EB11201E495C3993
:10C7C000B1F87F1101F47F4100EB01201A495C3977
:10C7D00091F87F1100EB0160E41CC4F8DC001648FE
:10C7E0005C3890F87C0184F8DB002088000A22780D
:10C7F00000EB022081B20E4801F0F0FA050A208811
:10C80000000A227800EB022081B2094801F0E6FA22
:10C8100005EB0020A4F8E0002088000A14F80329A2
:10C8200000EB022081B2024802F0D0FC70BD000093
:10C8300067A50024D4060024F31A01240B1C01244C
:10C8400070B55548007920B153480079FF2800D0D1
:10C8500070BD5248D0F80300B0F57A7F02D24FF491
:10C860007A7002E04D48D0F803004C49C1F803004B
:10C870004948D0F82F00000C494948714648B0F8A3
:10C880002F00000A0871444890F82F00C8704248F1
:10C89000D0F82B00000C08723F48B0F82B00000ABB
:10C8A000C8713D4890F82B008871032048703B48C0
:10C8B000007848723848407D4006000E887237483C
:10C8C0008078C87202F038FC364C4AF65520208039
:10C8D0000820A0704FF43450A4F803002F480088BB
:10C8E000000A2E49097800EB0120A4F805002B4826
:10C8F0008078E0712948807A20722848407A6072F6
:10C9000029480078A072002120E00020002209E0E0
:10C91000264B03EB412303EB4203B3F900301844E9
:10C92000531C9AB2FF2AF3DD020E00F47F0302EBE0
:10C93000132200F47F4302EB032202EB006304F1B5
:10C940000B0202EB81021360481CC1B20829DCDB38
:10C9500034F8030F000A227800EB022081B211485C
:10C9600001F03CFA050A2088000A227800EB022038
:10C9700081B20C4801F032FA05EB002020852088B6
:10C98000000A14F8032900EB022081B2054802F0E6
:10C990001DFC00BF5CE70000D4060024971A0124A8
:10C9A000FFE3012467A50024FCE20124CB24012439
:10C9B00070B531480079FF2800D070BD2F4C4AF681
:10C9C000552020805D20A0704FF42C50A4F8030067
:10C9D0002B480088000A2A49097800EB0120A4F8B6
:10C9E00005002748407A2072002120E00020002224
:10C9F00009E0244B03EB412303EB4203B3F900307E
:10CA00001844531C9AB2FF2AF3DD020E00F47F0390
:10CA100002EB132200F47F4302EB032202EB0063DC
:10CA200004F1090202EB81021360481CC1B208291B
:10CA3000DCDB34F8030F000A227800EB022081B21D
:10CA40000E4801F0CBF9050A2088000A227800EB95
:10CA5000022081B2094801F0C1F905EB0020E08411
:10CA60002088000A14F8032900EB022081B2034851
:10CA700002F0ACFB00BFA0E7D406002467A50024A9
:10CA8000971A0124CB24012470B54C4C4AF655204A
:10CA900020804FF4A050A4F803004948B0F87D016D
:10CAA000000A474991F87D1100EB0120E080002544
:10CAB00080E02120A070681C607105EB8501404872
:10CAC000103000EB41000088010A05EB85023C486C
:10CAD000103010F8120001EB0020208105EB8501D9
:10CAE0003748103000EB41004088010A05EB850211
:10CAF0003348103000EB4200807801EB0020608169
:10CB000005EB85012E48103000EB41008088010ABA
:10CB100005EB85022A48103000EB4200007901EB5A
:10CB20000020A08105EB85012548103000EB410075
:10CB3000C088010A05EB85022148103000EB420055
:10CB4000807901EB0020E08105EB85011C48103065
:10CB500000EB41000089010A05EB850218481030FE
:10CB600000EB4200007A01EB00202082B4F80300C1
:10CB7000000AE27800EB022081B2104801F02EF9A1
:10CB8000060AB4F80300000AE27800EB022081B242
:10CB90000A4801F023F906EB00206082B4F8030094
:10CBA000000AE27800EB022081B2044802F00EFB9A
:10CBB000681CC5B2042DFFF67CAF70BD67A50024CC
:10CBC000971A012470B55648007900B170BD032052
:10CBD0005449487002F0B0FA534C4AF65520208070
:10CBE0004FF46850A4F803003020A0704F4800783C
:10CBF00060714E48817AC07A01EB4000A0714B48C9
:10CC0000017B407B01EB40014848807B01EB8001C8
:10CC10004648C07B01EBC0014448007C01EB001199
:10CC20004248407C01EB4010E071002052E000EBF4
:10CC300040023F4901EB420109880A0A00EB400328
:10CC40003B4911F8131002EB01218AB204F10801EB
:10CC500001EB40010A8000EB4002354901EB420143
:10CC600049880A0A00EB4003314901EB4301897806
:10CC700002EB01218AB204F1140101EB40010A80A8
:10CC80002A498E3101EB80010988C1F30722274927
:10CC90008E3111F8201002EB01218AB204F120013B
:10CCA00001EB40010A8000EB4002214901EB420107
:10CCB00089880A0A00EB40031D4901EB4301097909
:10CCC00002EB01218AB204F12C0101EB40010A8040
:10CCD000411CC8B20628AADBB4F80300000AE278B7
:10CCE00000EB022081B2104801F078F8050AB4F890
:10CCF0000300000AE27800EB022081B20A4801F04A
:10CD00006DF805EB00202087B4F80300000AE278F4
:10CD100000EB022081B2044802F058FA00BF55E748
:10CD2000D4060024FFE3012467A50024FCE20124CB
:10CD3000CF1A012470B504462546B5F80300000A51
:10CD4000EA7800EB022081B22046FEF766F900B9CE
:10CD500070BD80218F48F3F7C7FE28884AF6552119
:10CD6000884270D1A87828286ED023DC19286CD08E
:10CD700014DC10286BD008DC01284CD0022856D0D7
:10CD8000062857D0082870D15AE0112865D01228FB
:10CD900066D016286BD01728F5D16CE01A380E280B
:10CDA00063D2DFE800F03EF2F2F2F2F284F26E7447
:10CDB0007E8F959D522870D012DC412827D008DC48
:10CDC00030286BD032286AD0342869D04028DAD194
:10CDD00019E0422870D050286FD05128D3D19AE062
:10CDE0005D286BD008DC532869D0542868D05B28B4
:10CDF00067D05C28C7D1ACE05E286FD05F286ED0CA
:10CE0000F028C0D1BEE0204600F09CFEBEE02046E7
:10CE100000F0ACFEBAE0204600F0CEF8FFF728FBA9
:10CE2000B4E0204600F0E0F8FFF722FBAEE0FFF7A9
:10CE30001FFBABE0204600F0EBF8FFF719FBA5E085
:10CE4000FFF7FEFCA2E0A2E050E017E0FFE720467B
:10CE500000F0F2FAFFF70CFB98E000F0E7FB95E03A
:10CE6000FFF706FB00F098F890E08EE0FFE7204621
:10CE700000F01AFA8AE000F0CDFB87E000F0E2FB58
:10CE800084E0204600F0EAF8FFF7FEFD7EE0204651
:10CE900000F046F9FFF7F8FD78E042E035E028E0E1
:10CEA0002DE0204600F066F9FFF7EEFD6EE0FFF79B
:10CEB000EBFDFFF7CFF969E051E029E053E036E000
:10CEC0003BE040E0204600F0C5FEFFF7C3F95DE01F
:10CED000204600F0FDFEFFF7BDF957E046E04BE0CD
:10CEE0002046FFF76BF9FFF7B5F94FE0FFF7B2F90E
:10CEF0004CE0204600F070F9FFF764FE46E0204663
:10CF000000F08CF9FFF75EFE40E0FFF75BFE3DE0CE
:10CF1000FFF726FB3AE0204600F06CFDFFF720FB10
:10CF200034E0204600F0BAFDFFF71AFB2EE0204661
:10CF3000FFF7EAF8FFF714FB28E02046FFF780FA36
:10CF4000FFF70EFB22E0204600F054FEFFF708FB3F
:10CF50001CE0204600F01EFEFFF702FB16E0204614
:10CF600000F028FF12E0FFF723FD0FE0204600F05D
:10CF7000EDFEFFF7F5FA09E0204600F0FDFEFFF7B1
:10CF8000EFFA03E0FFF7ECFA00E000BF00BF00BFDC
:10CF9000DEE600000004025810B50648007900B132
:10CFA00010BD0A2001F007FE03200249087100BFEE
:10CFB000F6E70000D406002470B50446084800795E
:10CFC00000B170BD2546E888000AA97900EB012070
:10CFD00004490880FEF7BAFFFEF708FE00BFF0E73D
:10CFE000D4060024971A012470B504460648007937
:10CFF00000B170BD2546A87904498870FEF7A6FFE8
:10D00000FEF7F4FD00BFF4E7D4060024971A0124CC
:10D0100070B504460F48007900B170BD2546D5F8BB
:10D020000600000ED5F8061001F47F0100EB112078
:10D03000E98801F47F4100EB0120A97900EB016050
:10D040000549C1F80300FEF781FFFEF7CFFD00BFE1
:10D05000E3E70000D4060024971A012470B50546C2
:10D060002C46E088000AA17900EB01202B49A1F8A9
:10D070007D016079042800DD70BD2089000A217AD5
:10D0800000EB012081B26079401E00EB8002234852
:10D09000103000EB420001806089000AA17A00EBA9
:10D0A000012081B26079401E00EB80021B481030E5
:10D0B00000EB42004180A089000A217B00EB0120A7
:10D0C00081B26079401E00EB80021448103000EB02
:10D0D00042008180E089000AA17B00EB012081B23F
:10D0E0006079401E00EB80020C48103000EB4200DB
:10D0F000C180208A000A217C00EB012081B2607986
:10D10000401E00EB80020548103000EB4200018118
:10D11000FEF71CFFFEF76AFD00BFADE7971A01247A
:10D1200010B50146104A1279042A11D10F4AD2F8DB
:10D13000032047F230539A4201D91A4602E00B4AC3
:10D14000D2F80320094BC3F803200022064B1A71C2
:10D1500008464279042A00DD10BD84794279521EC6
:10D16000034B9C5400BFF7E7D4060024971A012410
:10D17000AD94012430B501460A46B2F80500000A14
:10D18000547900EB042083B242F21070834201DB39
:10D19000044600E01C460E48A0F8544E002010E063
:10D1A000D41D04EB40042488250AD41D14F8104033
:10D1B00005EB0424A5B2074C04EB40042580441C75
:10D1C000A0B2034CB4F8544E8442E9DC30BD0000F8
:10D1D0008DD40124C194012410B50146084642793A
:10D1E000082A00DD10BD4279032A09DA82790AB1E2
:10D1F000012400E000244279521E074B9C5409E0B0
:10D2000082790AB1012400E000244279D21E024B47
:10D210009B1C9C5400BFE5E706E3012470B505465E
:10D220002C466079062800DD70BDE088000AA179EF
:10D2300000EB012081B26079401E00EB40021848EB
:10D2400000EB420001802089000A217A00EB0120D6
:10D2500081B26079401E00EB4002114800EB4200B1
:10D2600041806089000AA17A00EB01226079401EAA
:10D270000C4901EB80000260A089000A217B00EBD1
:10D28000012081B26079401E00EB4002044800EBAF
:10D2900042008180FEF75AFEFEF7A8FC00BFC3E7FC
:10D2A000CF1A01248AE3012470B504465B48007953
:10D2B00000B170BD2546B5F80500000A697900EB9C
:10D2C000012057490880287A8872687A4872D5F810
:10D2D0000A00000ED5F80A1001F47F0100EB1120BE
:10D2E000698901F47F4100EB0120A97A00EB01601C
:10D2F0004B49C1F803004B48007BF0B94948407BDB
:10D30000D8B94848807BC0B94648C07BA8B94548D1
:10D31000007C90B94348407C78B9434890F820009D
:10D3200058B9414890F8210038B93F4890F8220098
:10D3300018B93D4890F8230078B13948D0F8030077
:10D3400047F23051884201D9084602E03448D0F80B
:10D3500003003349C1F803000DE03148D0F8030061
:10D360003249884201D9084602E02D48D0F803002E
:10D370002B49C1F80300FEF7E9FDFEF737FC00205A
:10D380002649487500BF0CE02549098801228240E2
:10D39000114021B12149497D491C204A5175411C48
:10D3A000C8B21028F0DB0320214948701C48D0F88F
:10D3B00003002049B1FBF0F0401E1849C1F82B00D2
:10D3C0000846D0F82B00000C194908721348B0F831
:10D3D0002B00000AC871114890F82B008871104882
:10D3E000007848720D48407D4006000E88720C4857
:10D3F0008078C87201F0A0FE0848407D42F21071AA
:10D4000091FBF0F00549497D484304490885012016
:10D4100081F82A000420087100BF4AE7D4060024DE
:10D42000971A0124FCE201248D940124A0860100B6
:10D43000FFE30124C068780470B5044670480079A1
:10D4400000B170BD2546AD1D35F8010C000A15F878
:10D45000011C00EB01206B49088068788870A8786F
:10D460008872E87848726868000E696801F47F0184
:10D4700000EB1120A98801F47F4100EB01202979FC
:10D4800000EB01605F49C1F80300A868000EA968BD
:10D4900001F47F0100EB1120297A002100EB01202B
:10D4A000297AAD1F00EB01605649A1F80700FEF78D
:10D4B0004DFDFEF79BFB00205149487500BF10E071
:10D4C0005049098801228240114041B14C494A7DAE
:10D4D0000D3188540D39497D491C494A5175411C0B
:10D4E000C8B21028ECDB4648407D42F2107191FB37
:10D4F000F0F04349497D4843414908854148D0F807
:10D500000300497D484340004FF47A71B0FBF1F0CD
:10D510003C49B1F8071048433949C1F82F00084683
:10D52000D0F82F003849884215D908463449C1F847
:10D530002F003448D0F80300497D484340004FF4A1
:10D540007A71B0FBF1F02E49D1F82F10B1FBF0F059
:10D550002C49A1F807002B48D0F803002B49B1FB58
:10D56000F0F0401E2649C1F82B00012088770020EA
:10D570008871C8710872264948702248C07A88703C
:10D580001F48D0F82F00000C48711D48B0F82F003C
:10D59000000A08711A4890F82F00C8701848D0F88F
:10D5A0002B00000C08721648B0F82B00000AC87156
:10D5B000134890F82B008871124800784872104880
:10D5C000407D4006000E88720E488078C87201F0D7
:10D5D000B3FD0A2001F0EFFA01200D49487001F077
:10D5E000ABFD0A2001F0E7FA00200549C1F81F0051
:10D5F000022008714FF4FA70A1F8090000BF20E77B
:10D60000D4060024971A0124E0A57E00C06878049F
:10D61000FFE3012404480079042800D0704700206B
:10D620000149087100BFF9E7D406002404480079D5
:10D63000022800D0704700200149087100BFF9E7B7
:10D64000D406002470B5DE48007900B170BDDD4815
:10D65000D0F8030041F28831884207D90846D949F9
:10D66000C1F80300FEF772FCFEF7C0FAD448D0F808
:10D670002F00000CD4494871D148B0F82F00000A9F
:10D680000871CF4890F82F00C87003204870CC482C
:10D69000D0F82B00000C0872C948B0F82B00000A23
:10D6A000C871C74890F82B008871C6480078487246
:10D6B000C348407D4006000E8872C2488078C87218
:10D6C00001F03AFDC14C4AF65520641C24F8010CC7
:10D6D0001920607049F23E506080BA48D0F80300CB
:10D6E000000EB849D1F8031001F47F0100EB1120BE
:10D6F000B449B1F8031001F47F4100EB0120B149B6
:10D70000C97800EB0160A060AE480088000AAD490E
:10D71000097800EB0120A081AA488078A073A9486D
:10D72000807AE073A748407A2074A5480068000E0C
:10D73000A349096801F47F0100EB1120A049098881
:10D7400001F47F4100EB01209D49097800EB016065
:10D7500060609F4800786074641E9E48B0F8135063
:10D76000002000E141194FF47A72B1FBF2F302FBA1
:10D770001311984A153202EB41010988C1F30721C0
:10D7800042194FF47A73B2FBF3F603FB1622914B66
:10D79000153313F8122001EB02210AB204F1130130
:10D7A00001EB40010A8041194FF47A72B1FBF2F3A8
:10D7B00002FB1312884901EB42010988C1F30722D9
:10D7C00041194FF47A73B1FBF3F603FB1613824948
:10D7D00011F8131002EB01210AB204F2E37101EB1C
:10D7E00040010A8041194FF47A72B1FBF2F302FB57
:10D7F00013127A4901EB42010988C1F3072241194A
:10D800004FF47A73B1FBF3F603FB1613734911F867
:10D81000131002EB01210AB204F6B37101EB4001CF
:10D820000A8041194FF47A72B1FBF2F302FB131133
:10D830006B4A02EB41010988C1F3072142194FF4F9
:10D840007A73B2FBF3F603FB1622654B13F8122032
:10D8500001EB022109B241F28372224402EB400241
:10D86000118041194FF47A72B1FBF2F302FB1312EB
:10D870005C4901EB42010988C1F3072241194FF4C9
:10D880007A73B1FBF3F603FB1613564911F8131024
:10D8900002EB012109B241F65372224402EB40022D
:10D8A000118041194FF47A72B1FBF2F302FB1311AC
:10D8B0004D4A02EB41010988C1F3072241194FF497
:10D8C0007A73B1FBF3F603FB1611474B13F81110F3
:10D8D00002EB012109B242F22372224402EB400220
:10D8E000118041194FF47A72B1FBF2F302FB13116C
:10D8F0003E4A02EB41010988C1F3072142194FF466
:10D900007A73B2FBF3F603FB1622384B13F812209E
:10D9100001EB022109B242F6F362224402EB40021B
:10D92000118041194FF47A72B1FBF2F302FB13112B
:10D930002F4A02EB41010988C1F3072142194FF434
:10D940007A73B2FBF3F603FB1622294B13F812206D
:10D9500001EB022109B243F2C362224402EB40020E
:10D960001180411C88B2B0F57A7FFFF6FBAEB4F8A7
:10D970000300000AE27800EB022081B2134800F0B5
:10D980002DFA060AB4F80300000AE27800EB022040
:10D9900081B20E4800F022FA06EB002081B204F5B5
:10D9A0004050A0F8931EB4F80300000AE27800EBA0
:10D9B000022081B2054801F009FC00BF46E60000E4
:10D9C000D4060024971A0124FFE3012467A500244C
:10D9D000FCE20124B83401249D3C01246D4401245F
:10D9E0003D4C01240D540124DD5B0124AD63012471
:10D9F0007D6B012470B505462C466079082800DD52
:10DA000070BD607900B9FBE721480079FF2800D09C
:10DA1000F6E7002600200BE06179491E1D4A02EB63
:10DA2000412101EB4001B1F900100E44411C88B2C4
:10DA3000FF28F1DDD4F80600000ED4F8061001F43A
:10DA40007F0100EB1120E18801F47F4100EB012010
:10DA5000A17900EB01616079401E00EBC0020E4825
:10DA60001044C0F805106079401E00EBC0010A4860
:10DA70000844C0F8016001216079401E00EBC0023B
:10DA800005488154FEF762FAFEF7B0F800BFB7E729
:10DA9000D4060024CB240124F31A012470B50546D2
:10DAA0002C466079082800DD70BD607900B9FBE77D
:10DAB00021480079FF2800D0F6E7002600200BE07F
:10DAC0006179491E1D4A02EB412101EB4001B1F988
:10DAD00000100E44411C88B2FF28F1DDD4F8060086
:10DAE000000ED4F8061001F47F0100EB1120E1884C
:10DAF00001F47F4100EB0120A17900EB0161607925
:10DB0000401E00EBC0020E481044C0F805106079BA
:10DB1000401E00EBC0010A480844C0F80160012122
:10DB20006079401E00EBC00205488154FEF70EFAF2
:10DB3000FEF75CF800BFB7E7D4060024CB2401242D
:10DB40003B1B012470B504460648007900B170BD46
:10DB50002546A87904494872FEF7F8F9FEF746F819
:10DB600000BFF4E7D4060024971A012470B50446D8
:10DB70000648007900B170BD2546A879044988722D
:10DB8000FEF7E4F9FEF732F800BFF4E7D40600240C
:10DB9000971A012470B505462C466079082800DDE7
:10DBA00070BD607900B9FBE710480079FF2800D00C
:10DBB000F6E7D4F80600000ED4F8061001F47F0151
:10DBC00000EB1120E18801F47F4100EB0120A179F5
:10DBD00000EB01626079401E054901EB80000260A4
:10DBE000FEF7B4F9FEF702F800BFD9E7D406002427
:10DBF000EB1B012470B505462C466079082800DD32
:10DC000070BD607900B9FBE710480079FF2800D0AB
:10DC1000F6E7D4F80600000ED4F8061001F47F01F0
:10DC200000EB1120E18801F47F4100EB0120A17994
:10DC300000EB01626079401E054901EB8000026043
:10DC4000FEF784F9FDF7D2FF00BFD9E7D406002420
:10DC5000CB1B012470B505462C466079042800DDF5
:10DC600070BD607900B9FBE76079401E1649085C19
:10DC7000FF2800D0F4E7E088000AA17900EB012139
:10DC80006079401E00EBC00210481044C0F8051037
:10DC90006079401E0C49091D01EB80000168607924
:10DCA000401E00EBC00209481044C0F801100121D9
:10DCB0006079401E00EBC00204488154FEF746F92B
:10DCC000FDF794FF00BFCBE7AD940124831B012433
:10DCD00070B505462C466079042800DD70BD60797A
:10DCE00000B9FBE76079401E1649085CFF2800D0A8
:10DCF000F4E7E088000AA17900EB01216079401E79
:10DD000000EBC00210481044C0F805106079401EB6
:10DD10000C49091D01EB800001686079401E00EB91
:10DD2000C00209481044C0F8011001216079401E6A
:10DD300000EBC00204488154FEF708F9FDF756FFD6
:10DD400000BFCBE7AD940124A71B012470B50446A6
:10DD50000748007900B170BD2546A879054981F8CA
:10DD60007C01FEF7F3F8FDF741FF00BFF3E7000089
:10DD7000D4060024971A012470B505460B48007993
:10DD8000FF2800D070BD2C466079082800DDF9E737
:10DD9000607900B9F6E7A2796079401E04490A5417
:10DDA000FEF7D4F8FDF722FF00BFEBE7D40600240E
:10DDB0000B1C012470B504460648007900B170BD03
:10DDC0002546A8790449C872FEF7C0F8FDF70EFF92
:10DDD00000BFF4E7D4060024971A012470B5024668
:10DDE000FF24FF25022901DA002070BD881E81B2C0
:10DDF00009E012F8010B80EA05030748C05C80EADD
:10DE000004050648C45C081EA1F10106B1B2F0D1B8
:10DE100044EA0520E9E700003CF600083CF700086A
:10DE200010B5FDF771FE10BD642000F0C4FEF2F7DE
:10DE300083FEF9F7B1F9F8F7BDF8F8F781F9F8F7CB
:10DE400099F9F8F783FCF8F7B3F9F8F719FAF8F746
:10DE50004BFAF8F785FAF8F7DFF9F8F79BFAF8F7D5
:10DE6000B1FAF8F711FBF8F74FFBF8F78DFBF8F76D
:10DE7000CBFBF8F709FC012211024748F2F73EFEFE
:10DE80000122D1034548F2F739FE00224FF48061A8
:10DE90004148F2F733FE012208214148F2F72EFEF5
:10DEA000012210213D48F2F729FE642000F083FE94
:10DEB000002208213A48F2F721FE00224FF4807137
:10DEC0003548F2F71BFE00F091F80A2000F073FECF
:10DED0005A203449487001F02FF9642000F06BFE9D
:10DEE000FF203049487001F027F90A2000F063FE56
:10DEF00003202C49487001F01FF90A2000F05BFE56
:10DF00000020284948700A2000F055FE2648F7F7FF
:10DF10006BFA00212448F7F76DFE2448F7F764FAFE
:10DF200004212248F7F766FE2148F7F75DFA04213D
:10DF30001F48F7F75FFE1F48F7F756FA08211D48FC
:10DF4000F7F758FE1C48F7F74FFA08211A48F7F779
:10DF500051FE1A48F7F748FA0C211848F7F74AFE1D
:10DF60001748F7F741FA1748F7F73EFA1648F7F758
:10DF70003BFA00F071FB00F0C5F84FF4FA7000F0C6
:10DF80001AFE01201149087004E0FDF711F80A207B
:10DF900000F011FEF9E70000000C025800000258E2
:10DFA00000100258FFE30124280400247404002414
:10DFB000C00400240C05002458050024A4050024F6
:10DFC000F00500243C0600248806002400000024FC
:10DFD00010B5044600F0D6F8FFF726FF10BD04E0A8
:10DFE00001F0D2F8022000F0E6FDF9E710B50A20B2
:10DFF00000F0E1FDFDF7FAFD0A2000F0DCFD10BDA8
:10E0000030B51A4C436824681919884215D04B88DA
:10E010009BB9174B1B6899420FD0164B1B688B425C
:10E0200001D1144B18604B684360104B1B68C31A36
:10E030000E4D4C682D682C44A3600C4C83682468FA
:10E040001A19824211D053887BB90A4B1B6883424C
:10E0500001D1084B1A6043685360044B1B68D31A04
:10E06000024D44682D682C44A36030BD5C0100243F
:10E07000600100246401002408B51D4890F89E1E2C
:10E0800080F89F1EFFF7CCFE1A480079042820D1A3
:10E0900019488178164880F89E1E90F89E1E90F8C8
:10E0A0009F0E081AC1B2124880F8A01E90F8A00E68
:10E0B00000B908BD0E4890F8A00E00EB00100090CB
:10E0C0000B4890F89F3E0D4A02218120F8F7E0FDB1
:10E0D0000BE008480079032807D011200023084AE4
:10E0E000022100908020F8F7D3FD00BFE1E7000097
:10E0F000B8640124D40600242800002459730124A4
:10E10000B82401241CB50024642000214FF4FA63D4
:10E110000A46CDE90010054905A000F024FD04469B
:10E1200014B1204600F02CFE1CBD000093A700088F
:10E1300061646346756E63001CB514200A214FF4B8
:10E14000FA630022CDE90010044905A000F00BFDA0
:10E150000446204600F014FE1CBD0000D1DF00087C
:10E160006D61696E0000000010B5044C02E020688B
:10E170008047241D02488442F9D310BD74F9000879
:10E1800078F9000810B5044C02E020688047241D8F
:10E1900002488442F9D310BD78F900087CF90008E0
:10E1A00010B5F2F799F8044604480088401C00B204
:10E1B000024908802046F2F793F810BDB801002408
:10E1C00010B5F2F789F804460C480088401E00B2EA
:10E1D0000A4908800846B0F9000000280ADC00203F
:10E1E00008802046F2F77CF80548006828B100F066
:10E1F000EFFA02E02046F2F773F810BDB8010024F0
:10E20000BC01002470B5054605B970BD164800680C
:10E21000854203D315480068854200D3F5E7A5F190
:10E220000C044FF0FF31124800F0A2FB0020608088
:10E230004FF4F55020800F480068844201D20D4809
:10E240000460094960680968611A401A0A49096846
:10E25000081A094908602046FFF7D2FE044800F07A
:10E260005EFB00BFD1E700005C01002460010024D8
:10E2700054010224640100246C010024004870470A
:10E280007402022400487047747A022470B5F2F7D1
:10E2900053FCF8F781FFF8F7E9FFFFF765FFFFF799
:10E2A000F1FF0446FFF7EAFF0546214600F0B6FB02
:10E2B00070BD00002DE9F041044604F12805271D3A
:10E2C0000648006840B12846044909688847064660
:10E2D0000EB9BDE8F08100BF00BFFEE75001002489
:10E2E000F0B504460D461646301D20F007004438B0
:10E2F0000146002203E00D4F41F82270521C112A02
:10E30000F9D34D624FF0000CC1F828C0C1F82CC001
:10E31000C1F830C0C1F834C08B63CC634FF0807C4F
:10E32000C1F840C000270F60F0BD0000EFBEADDEB9
:10E3300010B5F1F7D1FF044604480078401C0349AA
:10E3400008702046F1F7CCFF10BD000058010024F2
:10E3500010B5F1F7C1FF044604480078401E034998
:10E3600008702046F1F7BCFF10BD000058010024E2
:10E3700070B504462068A0F11405284600F0BAFCE8
:10E38000002070BD2DE9F04105460C469046204620
:10E3900000F00CFDB8F1000F03D0B8F1010F23D14C
:10E3A00005E004F11401284600F049F81DE02E684C
:10E3B0000FE0A6F1140794F8350097F8351088425D
:10E3C00006DA04F1140107F1140000F038F802E055
:10E3D0003668AE42EDD100BFAE4204D104F1140163
:10E3E000284600F02CF800E000BF00BF0020BDE888
:10E3F000F08110B5044604F1140000F002F800208A
:10E4000010BD406000607047406000607047406031
:10E41000006070470268516002680A6001604860ED
:10E4200070470268516002680A6001604860704786
:10E430000268516002680A60016048607047426883
:10E44000116042684A604160086070470146086890
:10E45000884201D1012070470020FCE7014608688E
:10E46000884201D1012070470020FCE7D0E900215B
:10E470005160D0E900121160406000607047D0E93F
:10E4800000215160D0E900121160406000607047C7
:10E49000D0E900215160D0E90012116040600060B5
:10E4A000704700002DE9F041054615B90020BDE890
:10E4B000F081E81C20F003054E480068854201D930
:10E4C0000020F4E70C2D00D20C254FF0FF314A4814
:10E4D00000F04EFA4948006849490968461A7EE04A
:10E4E0004748006884196088002874D106F10C0040
:10E4F0006168081AA8426ED306F10C006168091A17
:10E5000005F11800814230D306F10C0000EB05083C
:10E510003B48006800EB08074FF4F55038800020B6
:10E52000788060687860BE60C4F8048001206080F4
:10E530003048796800680C30814205D030497868ED
:10E5400009680844C0F808802E48016805F10C00ED
:10E5500008442C4908602C4800680968884219D290
:10E56000284800682849086014E001206080244998
:10E5700060680968611A401A2249096808442149FB
:10E580000860214800680968884203D21D48006875
:10E590001D4908604FF4F5502080184800688442F7
:10E5A00012D107E015480068406815490968084419
:10E5B0001249086011480068408828B10F48006877
:10E5C000124909688842EDD10B4800F0A8F904F11E
:10E5D0000C006CE7FFE70A480068304446680548CD
:10E5E0000068401BB0423FF67BAF034800F097F94C
:10E5F00000205CE768010024540102246401002427
:10E600005C0100246C0100247001002460010024DE
:10E61000F0B50C460546E6B2042A15D300F0030710
:10E6200097B9014646EA062343EA034304E008C1DA
:10E6300008C108C108C1103A102AF8D201E008C187
:10E64000121F042AFBD20D4601E005F8016B171ECC
:10E65000A2F10102F9D1F0BD1CB500240A2000F09E
:10E66000AAFA642001214FF4FA630022CDE90010D8
:10E67000044905A000F077FA044614B1204600F0E2
:10E680007FFB1CBDDFDF00086D736750726F636531
:10E69000737300002DE9F04106460F46304600F046
:10E6A00045F80546E868FFF7FDFE044614B900206A
:10E6B000BDE8F08100212046EA68FFF7A9FF267235
:10E6C0000020607208223946204600F08CF9F1F7EC
:10E6D00003FE804604F10C01281DFFF79BFE404617
:10E6E000F1F7FEFD2046E3E770B5044600202072F6
:10E6F000F1F7F2FD054604F10C00FFF7B7FE2846DE
:10E70000F1F7EEFD2046FFF77DFD70BD70B50446C4
:10E7100000202072F1F7E0FD054604F10C00FFF740
:10E72000A5FE2846F1F7DCFD70BD00000246002181
:10E730000AE0074800EB01100078904203D104483A
:10E7400000EB01107047491C0429F2DB0020F9E7B7
:10E75000740100242DE9F04704460D46904600263A
:10E760002846FFF7E3FF0746FFF71AFD7E6802E041
:10E77000A6F10C003668381D8642F9D1FFF720FD5E
:10E7800045F08000207208224146204600F02BF917
:10E79000F1F7A2FD814604F10C01381DFFF73AFEA6
:10E7A0004846F1F79DFDBDE8F0870146087A00F084
:10E7B000800008B1012070470020FCE710B5FFF78A
:10E7C000B7FDF2F7ADF900F05BFBFFF7C1FD10BD3F
:10E7D0002DE9F041F1F780FD07461848008838BB65
:10E7E00017480068FBF720FF461E164850F8360011
:10E7F000A0F1140414480068844218D013490E7024
:10E800001148056804601248007850B904F11C01F1
:10E8100005F11C00F1F767FD3846F1F761FDBDE831
:10E82000F08104F11C0105F11C00F1F75CFD00BF53
:10E830003846F1F755FD00BFF1E70000B8010024AC
:10E84000B401002474010224BC010024C00100248E
:10E850005801002470B50446F1F73EFD054614F852
:10E86000340F20F00F0040F0010020706278343C3B
:10E870000A4B03EBC20004F11401426811604268C4
:10E880004A604160086000BF0549A06B0968084301
:10E89000034908602846F1F723FD70BD7401022486
:10E8A000B401002470B50446F1F716FD054604F1E5
:10E8B0001400D0E900215160D0E9001211604060DD
:10E8C000006000BF94F83510094A02EBC1000168EE
:10E8D000814201D1012100E0002129B10548A16B4D
:10E8E00000688843034908602846F1F7F9FC70BDC9
:10E8F00074010224B40100242DE9F04104460D46C0
:10E9000016461F462A4602212046FFF723FF2046CF
:10E91000FFF76FFDA68367720020BDE8F08170B538
:10E9200004460025F1F7D8FC064604F11400FFF771
:10E930008DFD28B904F11400FFF71AFD01250EE042
:10E94000A08B4FF6FF71884203DAA08B401CA08396
:10E9500005E03046F1F7C4FC6FF0020070BD3046B0
:10E96000F1F7BEFC012D01D1FFF732FF0020F5E7E2
:10E9700073B50546F1F7B0FC0646A88B002806DD06
:10E98000A88B401EA8833046F1F7AAFC28E0019826
:10E9900028B93046F1F7A4FC6FF001007CBD00F00F
:10E9A000C7F90446002020636A7A214605F1140065
:10E9B000FFF7E8FC0198002809DD01AA002104F115
:10E9C000440000F0C7FA04F1440000F01FFB304699
:10E9D000F1F786FCFFF7FCFE206B08B1206BDDE74A
:10E9E0000020DBE7704770B50346A2B118460C461D
:10E9F00000BF14F8016B00F8016B3EB902E000257E
:10EA000000F8015B551E2A1EF9D102E0551E2A1E90
:10EA1000EFD100BF00BF184670BD00002DE9F041E6
:10EA200007468846F81C20F0030528F00306182E38
:10EA300008D9A6F11800A84204D3701B18381C4945
:10EA4000086001E0BDE8F0811A48056004684FF4F1
:10EA5000F5502080164800680C3060600020A060EF
:10EA600060801449606809680844134908604FF4DD
:10EA7000F5500968088001200F49096848800C4852
:10EA800000680C300C4909684860094800680C307F
:10EA90000949096888600023012208A10948FFF795
:10EAA0002BFF044800680849086000BFCAE700005F
:10EAB000680100245C010024600100246865617025
:10EAC00000000000540102246401002410B500205D
:10EAD0000B490880002405E00A4901EBC400FFF758
:10EAE00093FC641C202CF7DB1F20074908700020D2
:10EAF00006490860064908600648FFF785FC10BD16
:10EB0000B801002474010224C0010024BC010024C7
:10EB1000B4010024C401002470B508480068FBF764
:10EB200083FD451E064850F83500A0F11404054841
:10EB3000046004F11C00F1F71CFC70BDB40100245A
:10EB400074010224BC01002410B5002405E004492E
:10EB500001EBC400FFF75BFC641C002CF7D010BD78
:10EB6000CC01002470472DE9FF5F06460F46904612
:10EB70001D46DDE90EAB31460120FFF78BFD8146D6
:10EB8000B9F1000F03D1002004B0BDE8F09F284682
:10EB9000FFF788FC044624B94846FFF7A5FD00208E
:10EBA000F2E743463A46314648468DE8300CFBF7DB
:10EBB00071FD4846E8E710B50446204600F0BEF86F
:10EBC00010BD000070B513480468F1F785FB0546D9
:10EBD0002046FBF7D0FD2046FFF764FE042084F8B2
:10EBE000340004F1440000F0E6F92046FFF7DDFDB3
:10EBF000012803D12046FFF789FD04E004F1140148
:10EC00000548FFF70EFCFFF7E3FD2846F1F768FB28
:10EC100070BD0000BC010024C401002401E000F02C
:10EC200001F8FCE770B528E0F1F756FB054600BF98
:10EC300013480168814201D0012100E0002119B987
:10EC40002846F1F74DFB19E00D480068A0F11404C7
:10EC500004F11400D0E900215160D0E900121160E4
:10EC60004060006000BFA06AFFF7CCFA2046FFF7C3
:10EC70003BFD2846F1F734FB00BFD5E700BF70BD70
:10EC8000C40100241FB520201F21C200074BCDE97D
:10EC90000032CDE902100023054A06A1074800F022
:10ECA0000FF8064800F06CF81FBD00005400022465
:10ECB0001DEC00087469646C65000000DCFF012431
:10ECC0002DE9FF5F05460C4616461F46DDE910ABF1
:10ECD000DDE90E89224601212846FFF73BFD3B4630
:10ECE0003246214628468DE8000FFBF7D3FC04B0DE
:10ECF000BDE8F09F70B5044694F8340000F00F00B2
:10ED0000022802D04FF0FF3070BDF1F7E5FA05465A
:10ED100004F11400FFF7B3FB04F1440000F0ECF938
:10ED20002846F1F7DDFA2046FFF794FD0020EBE7D7
:10ED30000148006870470000BC01002431B5F1F7BC
:10ED4000CBFA05460D480468204600F02FF86A46C5
:10ED5000002104F1440000F0FDF804F1440000F04B
:10ED600055F92846F1F7BCFAFFF732FD206B801CFD
:10ED700008B900202063002038BD0000BC01002439
:10ED800010B504463434A078607061780120884062
:10ED90006060022004F834092046FFF7ABFFFFF75C
:10EDA000C7FF08B1FFF714FD002010BD70B5044681
:10EDB00094F8340000F00F00012802D04FF0FF302B
:10EDC00070BDF1F789FA05462046FFF76BFD94F810
:10EDD000340020F00F0040F0020084F8340004F109
:10EDE000440000F089F92846F1F77AFA0020E7E7B5
:10EDF00070B5044625466FF00100286305F1140044
:10EE0000FFF73DFB2846FFF725FDFFF7E1FC70BD4E
:10EE100070B5F1F761FA05461448046894F83400B7
:10EE200000F00F0001281CD1D4E90510814218D050
:10EE300004F11400FFF723FB94F835200C4B03EB8F
:10EE4000C20004F114014268116042684A604160E6
:10EE5000086000BF2846F1F743FAFFF7B9FC00202D
:10EE600070BD2846F1F73CFA0020F9E7BC01002408
:10EE70007401022401480068704700005401002416
:10EE800010B50A480068401C08490860FFF750FFA9
:10EE90000446206C401E2064206C18B9E06B20648E
:10EEA000FFF7B6FF00F004F810BD00005401002485
:10EEB0007CB56846FFF7ABFAFFF7DCFF0546F1F7D4
:10EEC0000BFA06463AE022480068A0F11404A06A52
:10EED000281A6FF0004188422ED22046FBF73DFCF5
:10EEE000607A00F0020018B9607A20F001006072C8
:10EEF00004F114016846FFF79BFAD4E9071088472C
:10EF0000FFF7B8FF05466846FFF7A8FA00B115E01D
:10EF100004F11400FFF7BCFA607A00F0020060B15F
:10EF2000607A00F0010040B1607A20F00100607268
:10EF3000204600F06BF800E005E000BF0448FFF752
:10EF40008DFA0028BFD000BF3046F1F7C9F97CBD6B
:10EF5000CC0100242DE9F04104460E461546F1F798
:10EF6000BBF90746052E1ED2DFE806F00603090EA0
:10EF70001300606A286017E02868606214E0607A15
:10EF800020F0020060720FE0607A40F002006072D0
:10EF90000AE0607A00F0010010B10120286001E071
:10EFA0000020286000E000BF00BF3846F1F798F964
:10EFB0000020BDE8F08170B50446F1F78DF90546F3
:10EFC0002046FBF7CAFB607A20F0010060722846F9
:10EFD000F1F786F92046FFF799FB002070BD2DE977
:10EFE000F84307460C4615461E46DDE908892246C9
:10EFF0000A213846FFF7AEFB4346324629463846DB
:10F00000CDF80090FBF788FBBDE8F8832DE9F843C5
:10F010000546F1F761F980462846FBF79EFB687AC2
:10F0200020F001006872FFF725FF696A0844A862B2
:10F030002F4F009700242AE019E05DF82420116882
:10F04000142202EBC402881A826AAB6AD21A00D177
:10F0500008E0826AAB6AD21A6FF000439A4200D28B
:10F060000CE000BF5DF8240000684DF824005DF856
:10F07000240007EBC40149688842DED100BF2CB1EF
:10F080005DF824000830611C4DF82100641C002C40
:10F09000D2D018480068401C164908600846066827
:10F0A00005F114010098FFF7C3F9022412E006F0FD
:10F0B000030060B9C4F1010305F1140202EBC301BE
:10F0C000C4F101025DF82200FFF7B2F900E003E0AD
:10F0D000B608641C012CEAD900BF687A40F0010030
:10F0E00068724046F1F7FCF80020BDE8F8830000A4
:10F0F000CC010024D401002470B50446607A00F0ED
:10F10000010010B94FF0FF3070BDF1F7E5F805468A
:10F110002046FBF722FB607A20F00100607228464F
:10F12000F1F7DEF80020EFE700207047002070477D
:10F13000002070470020704710B5002409E0FCF75C
:10F140001FFD012800D107E0601C84B20120F1F707
:10F15000F5FAB4F57A7FF2DB00BF10BD10B5F1F718
:10F16000BBF8FFF793F8FFF73DFCFFF7EDFCFFF767
:10F17000ADFCFEF7E1FFFFF7F5FCFFF783FDFFF7BE
:10F18000CBFC002010BD000010B509480088012804
:10F190000CDD0120064981F89D08481DFDF7CAFDD8
:10F1A00000200349A1F803008870088010BD00000A
:10F1B0001A1C012404488078012804D102480088E0
:10F1C000401C0149088070471A1C01242DE9F041B8
:10F1D00007460E461D4890F89D0808B9BDE8F08125
:10F1E000344600252EE0B4F57A7F18DB09E0284686
:10F1F0006D1C1749884204D90020144981F89D08E4
:10F2000006E04FF47A713846F1F7D2F90028EED1D2
:10F2100000BF07F57A77A4F57A7084B212E009E0AE
:10F2200028466D1C0A49884204D90020074981F804
:10F230009D0805E021463846F1F7BAF90028EFD1DC
:10F2400000BF0024002CCEDC00BFC7E71A1C01243D
:10F2500040420F0000809C813783D3846E860988EA
:10F26000A4893F8BD98C728E0B90A3913A93D19441
:10F270006796FC979099239BB59C459ED59F63A16B
:10F28000F0A27BA405A68EA714A999AA1DAC9FADD8
:10F290001EAF9CB018B292B30AB580B6F3B764B98A
:10F2A000D3BA40BCAABD11BF76C0D9C138C395C47A
:10F2B000F0C547C79CC8EDC93CCB88CCD0CD15CF95
:10F2C00058D096D1D2D20AD43FD571D69FD7C9D8BB
:10F2D000F0D913DB32DC4EDD66DE7ADF8BE097E1BE
:10F2E0009FE2A4E3A4E4A1E599E68DE77DE869E95E
:10F2F00050EA33EB12ECEDECC3ED94EE61EF2AF043
:10F30000EEF0AEF169F21FF3D0F37DF426F5C9F506
:10F3100068F602F797F727F8B3F83AF9BBF938FA25
:10F32000B0FA23FB91FBFAFB5DFCBCFC16FD6BFD08
:10F33000BBFD05FE4BFE8BFEC6FEFDFE2EFF5AFFFB
:10F3400080FFA2FFBEFFD6FFE8FFF5FFFCFFFFFF37
:10F35000FCFFF5FFE8FFD6FFBEFFA2FF80FF5AFFCC
:10F360002EFFFDFEC6FE8BFE4BFE05FEBBFD6BFDBC
:10F3700016FDBCFC5DFCFAFB91FB23FBB0FA38FAEE
:10F38000BBF93AF9B3F827F897F702F768F6C9F529
:10F3900026F57DF4D0F31FF369F2AEF1EEF02AF01A
:10F3A00061EF94EEC3EDEDEC12EC33EB50EA69E95A
:10F3B0007DE88DE799E6A1E5A4E4A4E39FE297E167
:10F3C0008BE07ADF66DE4EDD32DC13DBF0D9C9D8A4
:10F3D0009FD771D63FD50AD4D2D296D158D015CF67
:10F3E000D0CD88CC3CCBEDC99CC847C7F0C595C4EF
:10F3F00038C3D9C176C011BFAABD40BCD3BA64B965
:10F40000F3B780B60AB592B318B29CB01EAF9FADE9
:10F410001DAC99AA14A98EA705A67BA4F0A263A18E
:10F42000D59F459EB59C239B9099FC976796D19458
:10F430003A93A3910B90728ED98C3F8BA489098843
:10F440006E86D38437839C810080647EC97C2D7B4B
:10F450009279F7775C76C17427738E71F56F5D6E64
:10F46000C66C2F6B996904687066DD644B63BB6181
:10F470002B609D5E105D855BFB597258EC5667559D
:10F48000E3536152E250644FE84D6E4CF64A8049B6
:10F490000D489C462D45C0435642EF408A3F273ECB
:10F4A000C83C6B3B103AB93864371336C4347833F0
:10F4B0003032EB30A82F6A2E2E2DF62BC12A8F2941
:10F4C000612837271026ED24CE23B2229A218620E8
:10F4D000751F691E611D5C1C5C1B5F1A6719731820
:10F4E00083179716B015CD14EE1313133D126C113C
:10F4F0009F10D60F120F520E970DE10C300C830B9C
:10F50000DA0A370A9809FE086908D9074D07C606BE
:10F510004506C8055005DD046F040604A303440333
:10F52000EA0295024502FB01B50175013A010301AA
:10F53000D200A60080005E0042002A0018000B00E6
:10F540000400010004000B0018002A0042005E00C5
:10F550008000A600D20003013A017501B501FB014C
:10F5600045029502EA024403A30306046F04DD0486
:10F570005005C8054506C6064D07D9076908FE08A7
:10F580009809370ADA0A830B300CE10C970D520EFA
:10F59000120FD60F9F106C113D121313EE13CD14E2
:10F5A000B01597168317731867195F1A5C1B5C1CDC
:10F5B000611D691E751F86209A21B222CE23ED247B
:10F5C0001026372761288F29C12AF62B2E2D6A2E67
:10F5D000A82FEB3030327833C43413366437B9385F
:10F5E000103A6B3BC83C273E8A3FEF405642C0432F
:10F5F0002D459C460D488049F64A6E4CE84D644FB7
:10F60000E2506152E3536755EC567258FB59855BE3
:10F61000105D9D5E2B60BB614B63DD6470660468AA
:10F6200099692F6BC66C5D6EF56F8E712773C1740F
:10F630005C76F77792792D7BC97C647E00C181402E
:10F6400001C0804101C0804100C1814001C08041B2
:10F6500000C1814000C1814001C0804101C08041A2
:10F6600000C1814000C1814001C0804100C1814092
:10F6700001C0804101C0804100C1814001C0804182
:10F6800000C1814000C1814001C0804100C1814072
:10F6900001C0804101C0804100C1814000C1814062
:10F6A00001C0804101C0804100C1814001C0804152
:10F6B00000C1814000C1814001C0804101C0804142
:10F6C00000C1814000C1814001C0804100C1814032
:10F6D00001C0804101C0804100C1814000C1814022
:10F6E00001C0804101C0804100C1814001C0804112
:10F6F00000C1814000C1814001C0804100C1814002
:10F7000001C0804101C0804100C1814001C08041F1
:10F7100000C1814000C1814001C0804101C08041E1
:10F7200000C1814000C1814001C0804100C18140D1
:10F7300001C0804101C0804100C1814000C0C101C1
:10F74000C30302C2C60607C705C5C404CC0C0DCD51
:10F750000FCFCE0E0ACACB0BC90908C8D81819D9C1
:10F760001BDBDA1A1EDEDF1FDD1D1CDC14D4D515F1
:10F77000D71716D6D21213D311D1D010F03031F1E1
:10F7800033F3F23236F6F737F53534F43CFCFD3D11
:10F79000FF3F3EFEFA3A3BFB39F9F83828E8E92901
:10F7A000EB2B2AEAEE2E2FEF2DEDEC2CE42425E5B1
:10F7B00027E7E62622E2E323E12120E0A06061A121
:10F7C00063A3A26266A6A767A56564A46CACAD6DD1
:10F7D000AF6F6EAEAA6A6BAB69A9A86878B8B97941
:10F7E000BB7B7ABABE7E7FBF7DBDBC7CB47475B571
:10F7F00077B7B67672B2B373B17170B05090915161
:10F800009353529296565797559594549C5C5D9D90
:10F810005F9F9E5E5A9A9B5B995958988848498980
:10F820004B8B8A4A4E8E8F4F8D4D4C8C4484854530
:10F830008747468682424383418180400000000022
:10F840000102030401020304060708090000010085
:10F850000200010003000100020001000400010099
:10F860000200010003000100020001000500010088
:10F870000200010003000100020001000400010079
:10F880000200010003000100020001000600010067
:10F890000200010003000100020001000400010059
:10F8A0000200010003000100020001000500010048
:10F8B0000200010003000100020001000400010039
:10F8C0000200010003000100020001000700010026
:10F8D0000200010003000100020001000400010019
:10F8E0000200010003000100020001000500010008
:10F8F00002000100030001000200010004000100F9
:10F9000002000100030001000200010006000100E6
:10F9100002000100030001000200010004000100D8
:10F9200002000100030001000200010005000100C7
:10F9300002000100030001000200010004000100B8
:10F9400002000100030001000200010030313233E7
:10F950003435363738396162636465660030313278
:10F960003334353637383941424344454600000088
:10F9700035F100082DF1000829F1000831F10008E7
:10F98000A0F9000800000024D80100007804000855
:10F9900090FA0008D8010024A07C020084A6000888
:10F9A000D10C13BD01050CF1321042012C90D00393
:10F9B000041369881B08B1041AC1041AED04132D3D
:10F9C000891B0835081A7904411312011402020236
:10F9D00016408304405726020102030214050F0C4F
:10F9E0001C01071017210718040309041A03132523
:10F9F000051B08210413DD041B0849081AA504216E
:10FA0000130A06293B1340011B017F76127C4C0828
:10FA100065816E13C97D1408CD7B1B089914C11331
:10FA2000757E1B0831041ABD041A2104211C090229
:10FA3000438F111DC0320904D11A020B1305241D76
:10FA40001001052455180804240202052406A415F3
:10FA5000058203081C100904C5320A2E070501029D
:10FA600040072A8107043281018232011378013A6A
:10FA700024043129C91A880C2904322032051A9825
:10FA80000C2904323029771AA80C290402272C00EB
:040000050800029954
:00000001FF
